"source_type","canonical_id","name","source_document","source_path","checksum_sha256","disposition","registry_state","target_form","home_division","operating_class","functional_domains","capability_codes","skill_ids","required_tools","risk_tier","autonomy_ceiling","integration_ceiling","runtime_compatibility","evidence_status","canonical_registry_path","normalization_note"
"document","SRC-DOC-001","Agentic AI Role Library architecture","00_LIBRARY_ARCHITECTURE.md","/Agent Roles & Skills Catalog/00_LIBRARY_ARCHITECTURE.md","306bd5ca3b20f65a714f15a8b9c2440ee0e08bf04647bd64870310183eaced7a","KEEP","CANONICAL_SOURCE","source_document","","","","","","","","","","","VERIFIED","","Authoritative source copy retained in the catalog folder."
"document","SRC-DOC-002","Creative, Media, and Artist Operations Role Catalog","01_CREATIVE_MEDIA_ROLE_CATALOG.md","/Agent Roles & Skills Catalog/01_CREATIVE_MEDIA_ROLE_CATALOG.md","93b0438a7b93b454beb91363ca4152beda8fc4a9f7b9dc783957858f48edd4df","KEEP","CANONICAL_SOURCE","source_document","","","","","","","","","","","VERIFIED","","Authoritative source copy retained in the catalog folder."
"document","SRC-DOC-003","Cross-Industry Agent Role Catalog","02_CROSS_INDUSTRY_ROLE_CATALOG.md","/Agent Roles & Skills Catalog/02_CROSS_INDUSTRY_ROLE_CATALOG.md","898e5e914080696ff1761dcf5cbee80160745321ecf81ee0feb95d969db4fdc8","KEEP","CANONICAL_SOURCE","source_document","","","","","","","","","","","VERIFIED","","Authoritative source copy retained in the catalog folder."
"document","SRC-DOC-004","Skill and Integration Catalog","03_SKILL_AND_INTEGRATION_CATALOG.md","/Agent Roles & Skills Catalog/03_SKILL_AND_INTEGRATION_CATALOG.md","ec9c27def9db646e2e2bad2bd6a0c3c67b93a891cc0648d86af0d0112ae4258b","KEEP","CANONICAL_SOURCE","source_document","","","","","","","","","","","VERIFIED","","Authoritative source copy retained in the catalog folder."
"document","SRC-DUP-001","00_LIBRARY_ARCHITECTURE.md","00_LIBRARY_ARCHITECTURE.md","/00_LIBRARY_ARCHITECTURE.md","306bd5ca3b20f65a714f15a8b9c2440ee0e08bf04647bd64870310183eaced7a","ARCHIVE","DUPLICATE_SOURCE","source_document","","","","","","","","","","","VERIFIED","","Byte-identical duplicate of SRC-DOC-001; archive the source copy and do not import its rows again."
"document","SRC-DUP-002","01_CREATIVE_MEDIA_ROLE_CATALOG.md","01_CREATIVE_MEDIA_ROLE_CATALOG.md","/01_CREATIVE_MEDIA_ROLE_CATALOG.md","93b0438a7b93b454beb91363ca4152beda8fc4a9f7b9dc783957858f48edd4df","ARCHIVE","DUPLICATE_SOURCE","source_document","","","","","","","","","","","VERIFIED","","Byte-identical duplicate of SRC-DOC-002; archive the source copy and do not import its rows again."
"document","SRC-DUP-003","02_CROSS_INDUSTRY_ROLE_CATALOG.md","02_CROSS_INDUSTRY_ROLE_CATALOG.md","/02_CROSS_INDUSTRY_ROLE_CATALOG.md","898e5e914080696ff1761dcf5cbee80160745321ecf81ee0feb95d969db4fdc8","ARCHIVE","DUPLICATE_SOURCE","source_document","","","","","","","","","","","VERIFIED","","Byte-identical duplicate of SRC-DOC-003; archive the source copy and do not import its rows again."
"document","SRC-DUP-004","03_SKILL_AND_INTEGRATION_CATALOG.md","03_SKILL_AND_INTEGRATION_CATALOG.md","/03_SKILL_AND_INTEGRATION_CATALOG.md","ec9c27def9db646e2e2bad2bd6a0c3c67b93a891cc0648d86af0d0112ae4258b","ARCHIVE","DUPLICATE_SOURCE","source_document","","","","","","","","","","","VERIFIED","","Byte-identical duplicate of SRC-DOC-004; archive the source copy and do not import its rows again."
"document","SRC-DUP-005","03_SKILL_AND_INTEGRATION_CATALOG(1).md","03_SKILL_AND_INTEGRATION_CATALOG(1).md","/03_SKILL_AND_INTEGRATION_CATALOG(1).md","ec9c27def9db646e2e2bad2bd6a0c3c67b93a891cc0648d86af0d0112ae4258b","ARCHIVE","DUPLICATE_SOURCE","source_document","","","","","","","","","","","VERIFIED","","Byte-identical duplicate of SRC-DOC-004; archive the source copy and do not import its rows again."
"role","CMO-01","Artist Operations Orchestrator","01_CREATIVE_MEDIA_ROLE_CATALOG.md","/Agent Roles & Skills Catalog/01_CREATIVE_MEDIA_ROLE_CATALOG.md","93b0438a7b93b454beb91363ca4152beda8fc4a9f7b9dc783957858f48edd4df","SPECIALIZE","SOURCE_ONLY","role_definition","DIV-01","control","creative-media-and-brand","AGENT_DESIGN|MEDIA_GENERATION","","TOL-001|TOL-002|TOL-003","moderate","A2","I1","provider-neutral; deployment-profile-required","DECLARED","","Retain the domain specialization; promote durable accountability as a RoleDefinition and convert narrow execution into a capability recipe."
"role","CMO-02","Persona Bible Curator","01_CREATIVE_MEDIA_ROLE_CATALOG.md","/Agent Roles & Skills Catalog/01_CREATIVE_MEDIA_ROLE_CATALOG.md","93b0438a7b93b454beb91363ca4152beda8fc4a9f7b9dc783957858f48edd4df","SPECIALIZE","SOURCE_ONLY","role_definition","DIV-06","knowledge","creative-media-and-brand","AGENT_DESIGN|MEDIA_GENERATION","","TOL-001|TOL-002|TOL-003","moderate","A2","I1","provider-neutral; deployment-profile-required","DECLARED","","Retain the domain specialization; promote durable accountability as a RoleDefinition and convert narrow execution into a capability recipe."
"role","CMO-03","Voice Governor","01_CREATIVE_MEDIA_ROLE_CATALOG.md","/Agent Roles & Skills Catalog/01_CREATIVE_MEDIA_ROLE_CATALOG.md","93b0438a7b93b454beb91363ca4152beda8fc4a9f7b9dc783957858f48edd4df","SPECIALIZE","SOURCE_ONLY","role_definition","DIV-06","control","creative-media-and-brand","AGENT_DESIGN|MEDIA_GENERATION","","TOL-001|TOL-002|TOL-003","moderate","A2","I1","provider-neutral; deployment-profile-required","DECLARED","","Retain the domain specialization; promote durable accountability as a RoleDefinition and convert narrow execution into a capability recipe."
"role","CMO-04","Creative Director Agent","01_CREATIVE_MEDIA_ROLE_CATALOG.md","/Agent Roles & Skills Catalog/01_CREATIVE_MEDIA_ROLE_CATALOG.md","93b0438a7b93b454beb91363ca4152beda8fc4a9f7b9dc783957858f48edd4df","SPECIALIZE","SOURCE_ONLY","role_definition","DIV-06","control","creative-media-and-brand","AGENT_DESIGN|MEDIA_GENERATION","","TOL-001|TOL-002|TOL-003","moderate","A2","I1","provider-neutral; deployment-profile-required","DECLARED","","Retain the domain specialization; promote durable accountability as a RoleDefinition and convert narrow execution into a capability recipe."
"role","CMO-05","Quality Gatekeeper","01_CREATIVE_MEDIA_ROLE_CATALOG.md","/Agent Roles & Skills Catalog/01_CREATIVE_MEDIA_ROLE_CATALOG.md","93b0438a7b93b454beb91363ca4152beda8fc4a9f7b9dc783957858f48edd4df","SPECIALIZE","SOURCE_ONLY","role_definition","DIV-10","evaluation","creative-media-and-brand","AGENT_DESIGN|MEDIA_GENERATION","","TOL-001|TOL-002|TOL-003","moderate","A2","I1","provider-neutral; deployment-profile-required","DECLARED","","Retain the domain specialization; promote durable accountability as a RoleDefinition and convert narrow execution into a capability recipe."
"role","CMO-06","Collaboration Coordinator","01_CREATIVE_MEDIA_ROLE_CATALOG.md","/Agent Roles & Skills Catalog/01_CREATIVE_MEDIA_ROLE_CATALOG.md","93b0438a7b93b454beb91363ca4152beda8fc4a9f7b9dc783957858f48edd4df","SPECIALIZE","SOURCE_ONLY","role_definition","DIV-01","control","creative-media-and-brand","AGENT_DESIGN|MEDIA_GENERATION","","TOL-001|TOL-002|TOL-003","moderate","A2","I1","provider-neutral; deployment-profile-required","DECLARED","","Retain the domain specialization; promote durable accountability as a RoleDefinition and convert narrow execution into a capability recipe."
"role","CMA-01","Song Strategy Agent","01_CREATIVE_MEDIA_ROLE_CATALOG.md","/Agent Roles & Skills Catalog/01_CREATIVE_MEDIA_ROLE_CATALOG.md","93b0438a7b93b454beb91363ca4152beda8fc4a9f7b9dc783957858f48edd4df","SPECIALIZE","SOURCE_ONLY","recipe_candidate","DIV-06","creation","creative-media-and-brand","MEDIA_GENERATION","","TOL-002|TOL-003","moderate","A2","I1","provider-neutral; deployment-profile-required","DECLARED","","Retain the domain specialization; promote durable accountability as a RoleDefinition and convert narrow execution into a capability recipe."
"role","CMA-02","Lyric Composer AI","01_CREATIVE_MEDIA_ROLE_CATALOG.md","/Agent Roles & Skills Catalog/01_CREATIVE_MEDIA_ROLE_CATALOG.md","93b0438a7b93b454beb91363ca4152beda8fc4a9f7b9dc783957858f48edd4df","SPECIALIZE","SOURCE_ONLY","recipe_candidate","DIV-06","creation","creative-media-and-brand","MEDIA_GENERATION","","TOL-002|TOL-003","moderate","A2","I1","provider-neutral; deployment-profile-required","DECLARED","","Retain the domain specialization; promote durable accountability as a RoleDefinition and convert narrow execution into a capability recipe."
"role","CMA-03","Lyric Editor & Originality Reviewer","01_CREATIVE_MEDIA_ROLE_CATALOG.md","/Agent Roles & Skills Catalog/01_CREATIVE_MEDIA_ROLE_CATALOG.md","93b0438a7b93b454beb91363ca4152beda8fc4a9f7b9dc783957858f48edd4df","SPECIALIZE","SOURCE_ONLY","recipe_candidate","DIV-06","evaluation","creative-media-and-brand","MEDIA_GENERATION","","TOL-002|TOL-003","moderate","A2","I1","provider-neutral; deployment-profile-required","DECLARED","","Retain the domain specialization; promote durable accountability as a RoleDefinition and convert narrow execution into a capability recipe."
"role","CMA-04","Hook & Recall Tester","01_CREATIVE_MEDIA_ROLE_CATALOG.md","/Agent Roles & Skills Catalog/01_CREATIVE_MEDIA_ROLE_CATALOG.md","93b0438a7b93b454beb91363ca4152beda8fc4a9f7b9dc783957858f48edd4df","SPECIALIZE","SOURCE_ONLY","recipe_candidate","DIV-06","evaluation","creative-media-and-brand","MEDIA_GENERATION","","TOL-002|TOL-003","moderate","A2","I1","provider-neutral; deployment-profile-required","DECLARED","","Retain the domain specialization; promote durable accountability as a RoleDefinition and convert narrow execution into a capability recipe."
"role","CMA-05","Melody & Harmony Generator","01_CREATIVE_MEDIA_ROLE_CATALOG.md","/Agent Roles & Skills Catalog/01_CREATIVE_MEDIA_ROLE_CATALOG.md","93b0438a7b93b454beb91363ca4152beda8fc4a9f7b9dc783957858f48edd4df","SPECIALIZE","SOURCE_ONLY","recipe_candidate","DIV-06","creation","creative-media-and-brand","MEDIA_GENERATION","","TOL-002|TOL-003","moderate","A2","I1","provider-neutral; deployment-profile-required","DECLARED","","Retain the domain specialization; promote durable accountability as a RoleDefinition and convert narrow execution into a capability recipe."
"role","CMA-06","Beat & Rhythm Producer","01_CREATIVE_MEDIA_ROLE_CATALOG.md","/Agent Roles & Skills Catalog/01_CREATIVE_MEDIA_ROLE_CATALOG.md","93b0438a7b93b454beb91363ca4152beda8fc4a9f7b9dc783957858f48edd4df","SPECIALIZE","SOURCE_ONLY","recipe_candidate","DIV-06","creation","creative-media-and-brand","MEDIA_GENERATION","","TOL-002|TOL-003","moderate","A2","I1","provider-neutral; deployment-profile-required","DECLARED","","Retain the domain specialization; promote durable accountability as a RoleDefinition and convert narrow execution into a capability recipe."
"role","CMA-07","Instrument & Texture Designer","01_CREATIVE_MEDIA_ROLE_CATALOG.md","/Agent Roles & Skills Catalog/01_CREATIVE_MEDIA_ROLE_CATALOG.md","93b0438a7b93b454beb91363ca4152beda8fc4a9f7b9dc783957858f48edd4df","SPECIALIZE","SOURCE_ONLY","recipe_candidate","DIV-06","creation","creative-media-and-brand","MEDIA_GENERATION","","TOL-002|TOL-003","moderate","A2","I1","provider-neutral; deployment-profile-required","DECLARED","","Retain the domain specialization; promote durable accountability as a RoleDefinition and convert narrow execution into a capability recipe."
"role","CMA-08","Production Architect","01_CREATIVE_MEDIA_ROLE_CATALOG.md","/Agent Roles & Skills Catalog/01_CREATIVE_MEDIA_ROLE_CATALOG.md","93b0438a7b93b454beb91363ca4152beda8fc4a9f7b9dc783957858f48edd4df","SPECIALIZE","SOURCE_ONLY","recipe_candidate","DIV-06","creation","creative-media-and-brand","MEDIA_GENERATION","","TOL-002|TOL-003","moderate","A2","I1","provider-neutral; deployment-profile-required","DECLARED","","Retain the domain specialization; promote durable accountability as a RoleDefinition and convert narrow execution into a capability recipe."
"role","CMA-09","Vocal Direction & Synthesis Agent","01_CREATIVE_MEDIA_ROLE_CATALOG.md","/Agent Roles & Skills Catalog/01_CREATIVE_MEDIA_ROLE_CATALOG.md","93b0438a7b93b454beb91363ca4152beda8fc4a9f7b9dc783957858f48edd4df","SPECIALIZE","SOURCE_ONLY","recipe_candidate","DIV-06","creation","creative-media-and-brand","MEDIA_GENERATION","","TOL-002|TOL-003","moderate","A2","I1","provider-neutral; deployment-profile-required","DECLARED","","Retain the domain specialization; promote durable accountability as a RoleDefinition and convert narrow execution into a capability recipe."
"role","CMA-10","Vocal QA Agent","01_CREATIVE_MEDIA_ROLE_CATALOG.md","/Agent Roles & Skills Catalog/01_CREATIVE_MEDIA_ROLE_CATALOG.md","93b0438a7b93b454beb91363ca4152beda8fc4a9f7b9dc783957858f48edd4df","SPECIALIZE","SOURCE_ONLY","recipe_candidate","DIV-06","evaluation","creative-media-and-brand","MEDIA_GENERATION","","TOL-002|TOL-003","moderate","A2","I1","provider-neutral; deployment-profile-required","DECLARED","","Retain the domain specialization; promote durable accountability as a RoleDefinition and convert narrow execution into a capability recipe."
"role","CMA-11","Mix Engineer AI","01_CREATIVE_MEDIA_ROLE_CATALOG.md","/Agent Roles & Skills Catalog/01_CREATIVE_MEDIA_ROLE_CATALOG.md","93b0438a7b93b454beb91363ca4152beda8fc4a9f7b9dc783957858f48edd4df","SPECIALIZE","SOURCE_ONLY","recipe_candidate","DIV-06","creation","creative-media-and-brand","MEDIA_GENERATION","","TOL-002|TOL-003","moderate","A2","I1","provider-neutral; deployment-profile-required","DECLARED","","Retain the domain specialization; promote durable accountability as a RoleDefinition and convert narrow execution into a capability recipe."
"role","CMA-12","Mastering Engineer AI","01_CREATIVE_MEDIA_ROLE_CATALOG.md","/Agent Roles & Skills Catalog/01_CREATIVE_MEDIA_ROLE_CATALOG.md","93b0438a7b93b454beb91363ca4152beda8fc4a9f7b9dc783957858f48edd4df","SPECIALIZE","SOURCE_ONLY","recipe_candidate","DIV-06","creation","creative-media-and-brand","MEDIA_GENERATION","","TOL-002|TOL-003","moderate","A2","I1","provider-neutral; deployment-profile-required","DECLARED","","Retain the domain specialization; promote durable accountability as a RoleDefinition and convert narrow execution into a capability recipe."
"role","CMA-13","Remix & Format Variations Agent","01_CREATIVE_MEDIA_ROLE_CATALOG.md","/Agent Roles & Skills Catalog/01_CREATIVE_MEDIA_ROLE_CATALOG.md","93b0438a7b93b454beb91363ca4152beda8fc4a9f7b9dc783957858f48edd4df","SPECIALIZE","SOURCE_ONLY","recipe_candidate","DIV-06","creation","creative-media-and-brand","MEDIA_GENERATION","","TOL-002|TOL-003","moderate","A2","I1","provider-neutral; deployment-profile-required","DECLARED","","Retain the domain specialization; promote durable accountability as a RoleDefinition and convert narrow execution into a capability recipe."
"role","CMA-14","Audio QA Agent","01_CREATIVE_MEDIA_ROLE_CATALOG.md","/Agent Roles & Skills Catalog/01_CREATIVE_MEDIA_ROLE_CATALOG.md","93b0438a7b93b454beb91363ca4152beda8fc4a9f7b9dc783957858f48edd4df","SPECIALIZE","SOURCE_ONLY","recipe_candidate","DIV-06","evaluation","creative-media-and-brand","MEDIA_GENERATION","","TOL-002|TOL-003","moderate","A2","I1","provider-neutral; deployment-profile-required","DECLARED","","Retain the domain specialization; promote durable accountability as a RoleDefinition and convert narrow execution into a capability recipe."
"role","CMV-01","Visual Continuity Director","01_CREATIVE_MEDIA_ROLE_CATALOG.md","/Agent Roles & Skills Catalog/01_CREATIVE_MEDIA_ROLE_CATALOG.md","93b0438a7b93b454beb91363ca4152beda8fc4a9f7b9dc783957858f48edd4df","SPECIALIZE","SOURCE_ONLY","recipe_candidate","DIV-06","control","creative-media-and-brand","MEDIA_GENERATION","","TOL-002|TOL-003","moderate","A2","I1","provider-neutral; deployment-profile-required","DECLARED","","Retain the domain specialization; promote durable accountability as a RoleDefinition and convert narrow execution into a capability recipe."
"role","CMV-02","Cover Art & Poster Designer","01_CREATIVE_MEDIA_ROLE_CATALOG.md","/Agent Roles & Skills Catalog/01_CREATIVE_MEDIA_ROLE_CATALOG.md","93b0438a7b93b454beb91363ca4152beda8fc4a9f7b9dc783957858f48edd4df","SPECIALIZE","SOURCE_ONLY","recipe_candidate","DIV-06","creation","creative-media-and-brand","MEDIA_GENERATION","","TOL-002|TOL-003","moderate","A2","I1","provider-neutral; deployment-profile-required","DECLARED","","Retain the domain specialization; promote durable accountability as a RoleDefinition and convert narrow execution into a capability recipe."
"role","CMV-03","Cinematic Storyboarding AI","01_CREATIVE_MEDIA_ROLE_CATALOG.md","/Agent Roles & Skills Catalog/01_CREATIVE_MEDIA_ROLE_CATALOG.md","93b0438a7b93b454beb91363ca4152beda8fc4a9f7b9dc783957858f48edd4df","SPECIALIZE","SOURCE_ONLY","recipe_candidate","DIV-06","creation","creative-media-and-brand","MEDIA_GENERATION","","TOL-002|TOL-003","moderate","A2","I1","provider-neutral; deployment-profile-required","DECLARED","","Retain the domain specialization; promote durable accountability as a RoleDefinition and convert narrow execution into a capability recipe."
"role","CMV-04","Character & Environment Generator","01_CREATIVE_MEDIA_ROLE_CATALOG.md","/Agent Roles & Skills Catalog/01_CREATIVE_MEDIA_ROLE_CATALOG.md","93b0438a7b93b454beb91363ca4152beda8fc4a9f7b9dc783957858f48edd4df","SPECIALIZE","SOURCE_ONLY","recipe_candidate","DIV-06","creation","creative-media-and-brand","MEDIA_GENERATION","","TOL-002|TOL-003","moderate","A2","I1","provider-neutral; deployment-profile-required","DECLARED","","Retain the domain specialization; promote durable accountability as a RoleDefinition and convert narrow execution into a capability recipe."
"role","CMV-05","Motion & Lip-Sync Test Agent","01_CREATIVE_MEDIA_ROLE_CATALOG.md","/Agent Roles & Skills Catalog/01_CREATIVE_MEDIA_ROLE_CATALOG.md","93b0438a7b93b454beb91363ca4152beda8fc4a9f7b9dc783957858f48edd4df","SPECIALIZE","SOURCE_ONLY","recipe_candidate","DIV-06","creation","creative-media-and-brand","MEDIA_GENERATION","","TOL-002|TOL-003","moderate","A2","I1","provider-neutral; deployment-profile-required","DECLARED","","Retain the domain specialization; promote durable accountability as a RoleDefinition and convert narrow execution into a capability recipe."
"role","CMV-06","Music Video Generator","01_CREATIVE_MEDIA_ROLE_CATALOG.md","/Agent Roles & Skills Catalog/01_CREATIVE_MEDIA_ROLE_CATALOG.md","93b0438a7b93b454beb91363ca4152beda8fc4a9f7b9dc783957858f48edd4df","SPECIALIZE","SOURCE_ONLY","recipe_candidate","DIV-06","creation","creative-media-and-brand","MEDIA_GENERATION","","TOL-002|TOL-003","moderate","A2","I1","provider-neutral; deployment-profile-required","DECLARED","","Retain the domain specialization; promote durable accountability as a RoleDefinition and convert narrow execution into a capability recipe."
"role","CMV-07","Lyric Video & Visualizer Builder","01_CREATIVE_MEDIA_ROLE_CATALOG.md","/Agent Roles & Skills Catalog/01_CREATIVE_MEDIA_ROLE_CATALOG.md","93b0438a7b93b454beb91363ca4152beda8fc4a9f7b9dc783957858f48edd4df","SPECIALIZE","SOURCE_ONLY","recipe_candidate","DIV-06","creation","creative-media-and-brand","MEDIA_GENERATION","","TOL-002|TOL-003","moderate","A2","I1","provider-neutral; deployment-profile-required","DECLARED","","Retain the domain specialization; promote durable accountability as a RoleDefinition and convert narrow execution into a capability recipe."
"role","CMV-08","STATIC Lore Agent","01_CREATIVE_MEDIA_ROLE_CATALOG.md","/Agent Roles & Skills Catalog/01_CREATIVE_MEDIA_ROLE_CATALOG.md","93b0438a7b93b454beb91363ca4152beda8fc4a9f7b9dc783957858f48edd4df","SPECIALIZE","SOURCE_ONLY","recipe_candidate","DIV-06","creation","creative-media-and-brand","MEDIA_GENERATION","","TOL-002|TOL-003","moderate","A2","I1","provider-neutral; deployment-profile-required","DECLARED","","Retain the domain specialization; promote durable accountability as a RoleDefinition and convert narrow execution into a capability recipe."
"role","CMV-09","Video Editor & Format Optimizer","01_CREATIVE_MEDIA_ROLE_CATALOG.md","/Agent Roles & Skills Catalog/01_CREATIVE_MEDIA_ROLE_CATALOG.md","93b0438a7b93b454beb91363ca4152beda8fc4a9f7b9dc783957858f48edd4df","SPECIALIZE","SOURCE_ONLY","recipe_candidate","DIV-06","creation","creative-media-and-brand","MEDIA_GENERATION","","TOL-002|TOL-003","moderate","A2","I1","provider-neutral; deployment-profile-required","DECLARED","","Retain the domain specialization; promote durable accountability as a RoleDefinition and convert narrow execution into a capability recipe."
"role","CMV-10","Visual QA Agent","01_CREATIVE_MEDIA_ROLE_CATALOG.md","/Agent Roles & Skills Catalog/01_CREATIVE_MEDIA_ROLE_CATALOG.md","93b0438a7b93b454beb91363ca4152beda8fc4a9f7b9dc783957858f48edd4df","SPECIALIZE","SOURCE_ONLY","recipe_candidate","DIV-06","evaluation","creative-media-and-brand","MEDIA_GENERATION","","TOL-002|TOL-003","moderate","A2","I1","provider-neutral; deployment-profile-required","DECLARED","","Retain the domain specialization; promote durable accountability as a RoleDefinition and convert narrow execution into a capability recipe."
"role","CMK-01","Asset Archivist","01_CREATIVE_MEDIA_ROLE_CATALOG.md","/Agent Roles & Skills Catalog/01_CREATIVE_MEDIA_ROLE_CATALOG.md","93b0438a7b93b454beb91363ca4152beda8fc4a9f7b9dc783957858f48edd4df","SPECIALIZE","SOURCE_ONLY","role_definition","DIV-06","knowledge","creative-media-and-brand","MEDIA_GENERATION","","TOL-002|TOL-003","moderate","A2","I1","provider-neutral; deployment-profile-required","DECLARED","","Retain the domain specialization; promote durable accountability as a RoleDefinition and convert narrow execution into a capability recipe."
"role","CMK-02","Creative Metadata Steward","01_CREATIVE_MEDIA_ROLE_CATALOG.md","/Agent Roles & Skills Catalog/01_CREATIVE_MEDIA_ROLE_CATALOG.md","93b0438a7b93b454beb91363ca4152beda8fc4a9f7b9dc783957858f48edd4df","SPECIALIZE","SOURCE_ONLY","role_definition","DIV-06","control","creative-media-and-brand","MEDIA_GENERATION","","TOL-002|TOL-003","moderate","A2","I1","provider-neutral; deployment-profile-required","DECLARED","","Retain the domain specialization; promote durable accountability as a RoleDefinition and convert narrow execution into a capability recipe."
"role","CMK-03","Rights & Provenance Recorder","01_CREATIVE_MEDIA_ROLE_CATALOG.md","/Agent Roles & Skills Catalog/01_CREATIVE_MEDIA_ROLE_CATALOG.md","93b0438a7b93b454beb91363ca4152beda8fc4a9f7b9dc783957858f48edd4df","SPECIALIZE","SOURCE_ONLY","role_definition","DIV-07","knowledge","creative-media-and-brand","MEDIA_GENERATION","","TOL-002|TOL-003","high","A1","I1","provider-neutral; deployment-profile-required","DECLARED","","Retain the domain specialization; promote durable accountability as a RoleDefinition and convert narrow execution into a capability recipe."
"role","CMR-01","Release Calendar Manager","01_CREATIVE_MEDIA_ROLE_CATALOG.md","/Agent Roles & Skills Catalog/01_CREATIVE_MEDIA_ROLE_CATALOG.md","93b0438a7b93b454beb91363ca4152beda8fc4a9f7b9dc783957858f48edd4df","SPECIALIZE","SOURCE_ONLY","recipe_candidate","DIV-07","control","creative-media-and-brand","RELEASE_PACKAGING","","TOL-001|TOL-003","moderate","A2","I1","provider-neutral; deployment-profile-required","DECLARED","","Retain the domain specialization; promote durable accountability as a RoleDefinition and convert narrow execution into a capability recipe."
"role","CMR-02","Release Packager","01_CREATIVE_MEDIA_ROLE_CATALOG.md","/Agent Roles & Skills Catalog/01_CREATIVE_MEDIA_ROLE_CATALOG.md","93b0438a7b93b454beb91363ca4152beda8fc4a9f7b9dc783957858f48edd4df","SPECIALIZE","SOURCE_ONLY","recipe_candidate","DIV-07","delivery_operations","creative-media-and-brand","RELEASE_PACKAGING","","TOL-001|TOL-003","moderate","A2","I2","provider-neutral; deployment-profile-required","DECLARED","","Retain the domain specialization; promote durable accountability as a RoleDefinition and convert narrow execution into a capability recipe."
"role","CMR-03","Metadata & Credits Steward","01_CREATIVE_MEDIA_ROLE_CATALOG.md","/Agent Roles & Skills Catalog/01_CREATIVE_MEDIA_ROLE_CATALOG.md","93b0438a7b93b454beb91363ca4152beda8fc4a9f7b9dc783957858f48edd4df","SPECIALIZE","SOURCE_ONLY","recipe_candidate","DIV-07","control","creative-media-and-brand","RELEASE_PACKAGING","","TOL-001|TOL-003","moderate","A2","I1","provider-neutral; deployment-profile-required","DECLARED","","Retain the domain specialization; promote durable accountability as a RoleDefinition and convert narrow execution into a capability recipe."
"role","CMR-04","Rights & Licensing Monitor","01_CREATIVE_MEDIA_ROLE_CATALOG.md","/Agent Roles & Skills Catalog/01_CREATIVE_MEDIA_ROLE_CATALOG.md","93b0438a7b93b454beb91363ca4152beda8fc4a9f7b9dc783957858f48edd4df","SPECIALIZE","SOURCE_ONLY","recipe_candidate","DIV-07","evaluation","creative-media-and-brand","RELEASE_PACKAGING","","TOL-001|TOL-003","high","A1","I1","provider-neutral; deployment-profile-required","DECLARED","","Retain the domain specialization; promote durable accountability as a RoleDefinition and convert narrow execution into a capability recipe."
"role","CMR-05","Platform Optimization Agent","01_CREATIVE_MEDIA_ROLE_CATALOG.md","/Agent Roles & Skills Catalog/01_CREATIVE_MEDIA_ROLE_CATALOG.md","93b0438a7b93b454beb91363ca4152beda8fc4a9f7b9dc783957858f48edd4df","SPECIALIZE","SOURCE_ONLY","recipe_candidate","DIV-07","creation","creative-media-and-brand","RELEASE_PACKAGING","","TOL-001|TOL-003","moderate","A2","I1","provider-neutral; deployment-profile-required","DECLARED","","Retain the domain specialization; promote durable accountability as a RoleDefinition and convert narrow execution into a capability recipe."
"role","CMR-06","Playlist & Editorial Pitching Agent","01_CREATIVE_MEDIA_ROLE_CATALOG.md","/Agent Roles & Skills Catalog/01_CREATIVE_MEDIA_ROLE_CATALOG.md","93b0438a7b93b454beb91363ca4152beda8fc4a9f7b9dc783957858f48edd4df","SPECIALIZE","SOURCE_ONLY","recipe_candidate","DIV-07","creation","creative-media-and-brand","RELEASE_PACKAGING","","TOL-001|TOL-003","moderate","A2","I1","provider-neutral; deployment-profile-required","DECLARED","","Retain the domain specialization; promote durable accountability as a RoleDefinition and convert narrow execution into a capability recipe."
"role","CMR-07","Global Distribution Coordinator","01_CREATIVE_MEDIA_ROLE_CATALOG.md","/Agent Roles & Skills Catalog/01_CREATIVE_MEDIA_ROLE_CATALOG.md","93b0438a7b93b454beb91363ca4152beda8fc4a9f7b9dc783957858f48edd4df","SPECIALIZE","SOURCE_ONLY","recipe_candidate","DIV-07","control","creative-media-and-brand","RELEASE_PACKAGING","","TOL-001|TOL-003","moderate","A2","I1","provider-neutral; deployment-profile-required","DECLARED","","Retain the domain specialization; promote durable accountability as a RoleDefinition and convert narrow execution into a capability recipe."
"role","CMR-08","Royalty & Revenue Tracker","01_CREATIVE_MEDIA_ROLE_CATALOG.md","/Agent Roles & Skills Catalog/01_CREATIVE_MEDIA_ROLE_CATALOG.md","93b0438a7b93b454beb91363ca4152beda8fc4a9f7b9dc783957858f48edd4df","SPECIALIZE","SOURCE_ONLY","recipe_candidate","DIV-07","creation","creative-media-and-brand","RELEASE_PACKAGING","","TOL-001|TOL-003","moderate","A2","I1","provider-neutral; deployment-profile-required","DECLARED","","Retain the domain specialization; promote durable accountability as a RoleDefinition and convert narrow execution into a capability recipe."
"role","CMM-01","Content Strategist","01_CREATIVE_MEDIA_ROLE_CATALOG.md","/Agent Roles & Skills Catalog/01_CREATIVE_MEDIA_ROLE_CATALOG.md","93b0438a7b93b454beb91363ca4152beda8fc4a9f7b9dc783957858f48edd4df","SPECIALIZE","SOURCE_ONLY","recipe_candidate","DIV-08","creation","revenue-and-customer","MARKET_RESEARCH|OPPORTUNITY_DISCOVERY|CLIENT_CONVERSION|MEDIA_GENERATION","","TOL-002|TOL-003","moderate","A2","I1","provider-neutral; deployment-profile-required","DECLARED","","Retain the domain specialization; promote durable accountability as a RoleDefinition and convert narrow execution into a capability recipe."
"role","CMM-02","Copywriter & Social Voice Agent","01_CREATIVE_MEDIA_ROLE_CATALOG.md","/Agent Roles & Skills Catalog/01_CREATIVE_MEDIA_ROLE_CATALOG.md","93b0438a7b93b454beb91363ca4152beda8fc4a9f7b9dc783957858f48edd4df","SPECIALIZE","SOURCE_ONLY","recipe_candidate","DIV-08","creation","revenue-and-customer","MARKET_RESEARCH|OPPORTUNITY_DISCOVERY|CLIENT_CONVERSION|MEDIA_GENERATION","","TOL-002|TOL-003","moderate","A2","I1","provider-neutral; deployment-profile-required","DECLARED","","Retain the domain specialization; promote durable accountability as a RoleDefinition and convert narrow execution into a capability recipe."
"role","CMM-03","Post Scheduler & Timing Optimizer","01_CREATIVE_MEDIA_ROLE_CATALOG.md","/Agent Roles & Skills Catalog/01_CREATIVE_MEDIA_ROLE_CATALOG.md","93b0438a7b93b454beb91363ca4152beda8fc4a9f7b9dc783957858f48edd4df","SPECIALIZE","SOURCE_ONLY","recipe_candidate","DIV-08","delivery_operations","revenue-and-customer","MARKET_RESEARCH|OPPORTUNITY_DISCOVERY|CLIENT_CONVERSION|MEDIA_GENERATION","","TOL-002|TOL-003","moderate","A2","I2","provider-neutral; deployment-profile-required","DECLARED","","Retain the domain specialization; promote durable accountability as a RoleDefinition and convert narrow execution into a capability recipe."
"role","CMM-04","Trend & Opportunity Scanner","01_CREATIVE_MEDIA_ROLE_CATALOG.md","/Agent Roles & Skills Catalog/01_CREATIVE_MEDIA_ROLE_CATALOG.md","93b0438a7b93b454beb91363ca4152beda8fc4a9f7b9dc783957858f48edd4df","SPECIALIZE","SOURCE_ONLY","recipe_candidate","DIV-08","creation","revenue-and-customer","MARKET_RESEARCH|OPPORTUNITY_DISCOVERY|CLIENT_CONVERSION|MEDIA_GENERATION","","TOL-002|TOL-003","moderate","A2","I1","provider-neutral; deployment-profile-required","DECLARED","","Retain the domain specialization; promote durable accountability as a RoleDefinition and convert narrow execution into a capability recipe."
"role","CMM-05","Community Triage Agent","01_CREATIVE_MEDIA_ROLE_CATALOG.md","/Agent Roles & Skills Catalog/01_CREATIVE_MEDIA_ROLE_CATALOG.md","93b0438a7b93b454beb91363ca4152beda8fc4a9f7b9dc783957858f48edd4df","SPECIALIZE","SOURCE_ONLY","recipe_candidate","DIV-08","analysis","revenue-and-customer","MARKET_RESEARCH|OPPORTUNITY_DISCOVERY|CLIENT_CONVERSION|MEDIA_GENERATION","","TOL-002|TOL-003","moderate","A2","I1","provider-neutral; deployment-profile-required","DECLARED","","Retain the domain specialization; promote durable accountability as a RoleDefinition and convert narrow execution into a capability recipe."
"role","CMM-06","Engagement Voice Agent","01_CREATIVE_MEDIA_ROLE_CATALOG.md","/Agent Roles & Skills Catalog/01_CREATIVE_MEDIA_ROLE_CATALOG.md","93b0438a7b93b454beb91363ca4152beda8fc4a9f7b9dc783957858f48edd4df","SPECIALIZE","SOURCE_ONLY","recipe_candidate","DIV-08","creation","revenue-and-customer","MARKET_RESEARCH|OPPORTUNITY_DISCOVERY|CLIENT_CONVERSION|MEDIA_GENERATION","","TOL-002|TOL-003","moderate","A2","I1","provider-neutral; deployment-profile-required","DECLARED","","Retain the domain specialization; promote durable accountability as a RoleDefinition and convert narrow execution into a capability recipe."
"role","CMM-07","PR & Press Agent","01_CREATIVE_MEDIA_ROLE_CATALOG.md","/Agent Roles & Skills Catalog/01_CREATIVE_MEDIA_ROLE_CATALOG.md","93b0438a7b93b454beb91363ca4152beda8fc4a9f7b9dc783957858f48edd4df","SPECIALIZE","SOURCE_ONLY","recipe_candidate","DIV-08","creation","revenue-and-customer","MARKET_RESEARCH|OPPORTUNITY_DISCOVERY|CLIENT_CONVERSION|MEDIA_GENERATION","","TOL-002|TOL-003","moderate","A2","I1","provider-neutral; deployment-profile-required","DECLARED","","Retain the domain specialization; promote durable accountability as a RoleDefinition and convert narrow execution into a capability recipe."
"role","CMM-08","Influencer & Collaboration Research Agent","01_CREATIVE_MEDIA_ROLE_CATALOG.md","/Agent Roles & Skills Catalog/01_CREATIVE_MEDIA_ROLE_CATALOG.md","93b0438a7b93b454beb91363ca4152beda8fc4a9f7b9dc783957858f48edd4df","SPECIALIZE","SOURCE_ONLY","recipe_candidate","DIV-08","knowledge","revenue-and-customer","MARKET_RESEARCH|OPPORTUNITY_DISCOVERY|CLIENT_CONVERSION|MEDIA_GENERATION","","TOL-002|TOL-003","moderate","A2","I1","provider-neutral; deployment-profile-required","DECLARED","","Retain the domain specialization; promote durable accountability as a RoleDefinition and convert narrow execution into a capability recipe."
"role","CMM-09","Campaign Optimization Agent","01_CREATIVE_MEDIA_ROLE_CATALOG.md","/Agent Roles & Skills Catalog/01_CREATIVE_MEDIA_ROLE_CATALOG.md","93b0438a7b93b454beb91363ca4152beda8fc4a9f7b9dc783957858f48edd4df","SPECIALIZE","SOURCE_ONLY","recipe_candidate","DIV-08","creation","revenue-and-customer","MARKET_RESEARCH|OPPORTUNITY_DISCOVERY|CLIENT_CONVERSION|MEDIA_GENERATION","","TOL-002|TOL-003","moderate","A2","I1","provider-neutral; deployment-profile-required","DECLARED","","Retain the domain specialization; promote durable accountability as a RoleDefinition and convert narrow execution into a capability recipe."
"role","GKE-01","Enterprise Workflow Orchestrator","02_CROSS_INDUSTRY_ROLE_CATALOG.md","/Agent Roles & Skills Catalog/02_CROSS_INDUSTRY_ROLE_CATALOG.md","898e5e914080696ff1761dcf5cbee80160745321ecf81ee0feb95d969db4fdc8","MISSING","SOURCE_ONLY","role_definition","DIV-01","control","governance-and-orchestration","AGENT_DESIGN","","TOL-001|TOL-002","moderate","A2","I1","provider-neutral; deployment-profile-required","DECLARED","","Not yet promoted; evaluate against capability gaps and persistent-control needs before creating a canonical manifest."
"role","GKE-02","Policy & Control Interpreter","02_CROSS_INDUSTRY_ROLE_CATALOG.md","/Agent Roles & Skills Catalog/02_CROSS_INDUSTRY_ROLE_CATALOG.md","898e5e914080696ff1761dcf5cbee80160745321ecf81ee0feb95d969db4fdc8","MISSING","SOURCE_ONLY","role_definition","DIV-10","control","governance-and-orchestration","AGENT_DESIGN","","TOL-001|TOL-002","moderate","A2","I1","provider-neutral; deployment-profile-required","DECLARED","","Not yet promoted; evaluate against capability gaps and persistent-control needs before creating a canonical manifest."
"role","GKE-03","Approval & Delegation Steward","02_CROSS_INDUSTRY_ROLE_CATALOG.md","/Agent Roles & Skills Catalog/02_CROSS_INDUSTRY_ROLE_CATALOG.md","898e5e914080696ff1761dcf5cbee80160745321ecf81ee0feb95d969db4fdc8","KEEP","REGISTERED","role_definition","DIV-01","control","governance-and-orchestration","AGENT_DESIGN","SKL-004|SKL-005|SKL-012|SKL-044|SKL-045","TOL-001|TOL-002","moderate","A2","I1","provider-neutral; deployment-profile-required","DECLARED","registry/roles/GKE-03-approval-delegation-steward.yaml","Preserve the existing manifest and add capability mappings without changing its stable ID."
"role","GKE-04","Audit Evidence Curator","02_CROSS_INDUSTRY_ROLE_CATALOG.md","/Agent Roles & Skills Catalog/02_CROSS_INDUSTRY_ROLE_CATALOG.md","898e5e914080696ff1761dcf5cbee80160745321ecf81ee0feb95d969db4fdc8","KEEP","REGISTERED","role_definition","DIV-10","knowledge","governance-and-orchestration","REPOSITORY_REVIEW|DEPLOYMENT_VERIFICATION|RELEASE_PACKAGING","SKL-009|SKL-010|SKL-011|SKL-045","TOL-001|TOL-002|TOL-003","moderate","A2","I1","provider-neutral; deployment-profile-required","DECLARED","registry/roles/GKE-04-audit-evidence-curator.yaml","Preserve the existing manifest and add capability mappings without changing its stable ID."
"role","GKE-05","Knowledge Base Curator","02_CROSS_INDUSTRY_ROLE_CATALOG.md","/Agent Roles & Skills Catalog/02_CROSS_INDUSTRY_ROLE_CATALOG.md","898e5e914080696ff1761dcf5cbee80160745321ecf81ee0feb95d969db4fdc8","KEEP","REGISTERED","role_definition","DIV-02","knowledge","governance-and-orchestration","AGENT_DESIGN","SKL-006|SKL-007|SKL-008|SKL-009|SKL-010|SKL-012","TOL-001|TOL-002","moderate","A2","I1","provider-neutral; deployment-profile-required","DECLARED","registry/roles/GKE-05-knowledge-base-curator.yaml","Preserve the existing manifest and add capability mappings without changing its stable ID."
"role","GKE-06","Research & Source Verification Agent","02_CROSS_INDUSTRY_ROLE_CATALOG.md","/Agent Roles & Skills Catalog/02_CROSS_INDUSTRY_ROLE_CATALOG.md","898e5e914080696ff1761dcf5cbee80160745321ecf81ee0feb95d969db4fdc8","KEEP","REGISTERED","role_definition","DIV-02","knowledge","governance-and-orchestration","MARKET_RESEARCH|OPPORTUNITY_DISCOVERY","SKL-006|SKL-007|SKL-008|SKL-012|SKL-045","TOL-002","moderate","A2","I1","provider-neutral; deployment-profile-required","DECLARED","registry/roles/GKE-06-research-source-verification.yaml","Preserve the existing manifest and add capability mappings without changing its stable ID."
"role","GKE-07","Records & Retention Coordinator","02_CROSS_INDUSTRY_ROLE_CATALOG.md","/Agent Roles & Skills Catalog/02_CROSS_INDUSTRY_ROLE_CATALOG.md","898e5e914080696ff1761dcf5cbee80160745321ecf81ee0feb95d969db4fdc8","MISSING","SOURCE_ONLY","role_definition","DIV-10","control","governance-and-orchestration","AGENT_DESIGN","","TOL-001|TOL-002","moderate","A2","I1","provider-neutral; deployment-profile-required","DECLARED","","Not yet promoted; evaluate against capability gaps and persistent-control needs before creating a canonical manifest."
"role","PXD-01","Product Discovery Agent","02_CROSS_INDUSTRY_ROLE_CATALOG.md","/Agent Roles & Skills Catalog/02_CROSS_INDUSTRY_ROLE_CATALOG.md","898e5e914080696ff1761dcf5cbee80160745321ecf81ee0feb95d969db4fdc8","MISSING","SOURCE_ONLY","role_definition","DIV-03","analysis","product-and-design","SOFTWARE_BUILD|AGENT_DESIGN","","TOL-001|TOL-002","moderate","A2","I1","provider-neutral; deployment-profile-required","DECLARED","","Not yet promoted; evaluate against capability gaps and persistent-control needs before creating a canonical manifest."
"role","PXD-02","Product Requirements Agent","02_CROSS_INDUSTRY_ROLE_CATALOG.md","/Agent Roles & Skills Catalog/02_CROSS_INDUSTRY_ROLE_CATALOG.md","898e5e914080696ff1761dcf5cbee80160745321ecf81ee0feb95d969db4fdc8","MISSING","SOURCE_ONLY","role_definition","DIV-03","creation","product-and-design","SOFTWARE_BUILD|AGENT_DESIGN","","TOL-001|TOL-002","moderate","A2","I1","provider-neutral; deployment-profile-required","DECLARED","","Not yet promoted; evaluate against capability gaps and persistent-control needs before creating a canonical manifest."
"role","PXD-03","User Research Synthesizer","02_CROSS_INDUSTRY_ROLE_CATALOG.md","/Agent Roles & Skills Catalog/02_CROSS_INDUSTRY_ROLE_CATALOG.md","898e5e914080696ff1761dcf5cbee80160745321ecf81ee0feb95d969db4fdc8","MISSING","SOURCE_ONLY","role_definition","DIV-03","knowledge","product-and-design","SOFTWARE_BUILD|AGENT_DESIGN","","TOL-001|TOL-002","moderate","A2","I1","provider-neutral; deployment-profile-required","DECLARED","","Not yet promoted; evaluate against capability gaps and persistent-control needs before creating a canonical manifest."
"role","PXD-04","UX Flow Architect","02_CROSS_INDUSTRY_ROLE_CATALOG.md","/Agent Roles & Skills Catalog/02_CROSS_INDUSTRY_ROLE_CATALOG.md","898e5e914080696ff1761dcf5cbee80160745321ecf81ee0feb95d969db4fdc8","MISSING","SOURCE_ONLY","role_definition","DIV-03","creation","product-and-design","SOFTWARE_BUILD|AGENT_DESIGN","","TOL-001|TOL-002","moderate","A2","I1","provider-neutral; deployment-profile-required","DECLARED","","Not yet promoted; evaluate against capability gaps and persistent-control needs before creating a canonical manifest."
"role","PXD-05","UI System Designer","02_CROSS_INDUSTRY_ROLE_CATALOG.md","/Agent Roles & Skills Catalog/02_CROSS_INDUSTRY_ROLE_CATALOG.md","898e5e914080696ff1761dcf5cbee80160745321ecf81ee0feb95d969db4fdc8","MISSING","SOURCE_ONLY","role_definition","DIV-03","creation","product-and-design","SOFTWARE_BUILD|AGENT_DESIGN","","TOL-001|TOL-002","moderate","A2","I1","provider-neutral; deployment-profile-required","DECLARED","","Not yet promoted; evaluate against capability gaps and persistent-control needs before creating a canonical manifest."
"role","PXD-06","Prototype & Experiment Agent","02_CROSS_INDUSTRY_ROLE_CATALOG.md","/Agent Roles & Skills Catalog/02_CROSS_INDUSTRY_ROLE_CATALOG.md","898e5e914080696ff1761dcf5cbee80160745321ecf81ee0feb95d969db4fdc8","MISSING","SOURCE_ONLY","role_definition","DIV-03","creation","product-and-design","SOFTWARE_BUILD|AGENT_DESIGN","","TOL-001|TOL-002","moderate","A2","I1","provider-neutral; deployment-profile-required","DECLARED","","Not yet promoted; evaluate against capability gaps and persistent-control needs before creating a canonical manifest."
"role","PXD-07","Experience QA Agent","02_CROSS_INDUSTRY_ROLE_CATALOG.md","/Agent Roles & Skills Catalog/02_CROSS_INDUSTRY_ROLE_CATALOG.md","898e5e914080696ff1761dcf5cbee80160745321ecf81ee0feb95d969db4fdc8","MISSING","SOURCE_ONLY","role_definition","DIV-03","evaluation","product-and-design","SOFTWARE_BUILD|AGENT_DESIGN","","TOL-001|TOL-002","moderate","A2","I1","provider-neutral; deployment-profile-required","DECLARED","","Not yet promoted; evaluate against capability gaps and persistent-control needs before creating a canonical manifest."
"role","ESP-01","Solution Architecture Agent","02_CROSS_INDUSTRY_ROLE_CATALOG.md","/Agent Roles & Skills Catalog/02_CROSS_INDUSTRY_ROLE_CATALOG.md","898e5e914080696ff1761dcf5cbee80160745321ecf81ee0feb95d969db4fdc8","KEEP","REGISTERED","role_definition","DIV-03","creation","engineering-and-platform","SOFTWARE_BUILD|REPOSITORY_REVIEW|DEPLOYMENT_VERIFICATION|MCP_INTEGRATION","SKL-013|SKL-015|SKL-030|SKL-045","TOL-001|TOL-002","moderate","A2","I1","provider-neutral; deployment-profile-required","DECLARED","registry/roles/ESP-01-solution-architecture.yaml","Preserve the existing manifest and add capability mappings without changing its stable ID."
"role","ESP-02","Software Implementation Agent","02_CROSS_INDUSTRY_ROLE_CATALOG.md","/Agent Roles & Skills Catalog/02_CROSS_INDUSTRY_ROLE_CATALOG.md","898e5e914080696ff1761dcf5cbee80160745321ecf81ee0feb95d969db4fdc8","MISSING","SOURCE_ONLY","role_definition","DIV-03","creation","engineering-and-platform","SOFTWARE_BUILD|REPOSITORY_REVIEW|DEPLOYMENT_VERIFICATION|MCP_INTEGRATION","","TOL-001|TOL-002","moderate","A2","I1","provider-neutral; deployment-profile-required","DECLARED","","Not yet promoted; evaluate against capability gaps and persistent-control needs before creating a canonical manifest."
"role","ESP-03","Code Review & Quality Agent","02_CROSS_INDUSTRY_ROLE_CATALOG.md","/Agent Roles & Skills Catalog/02_CROSS_INDUSTRY_ROLE_CATALOG.md","898e5e914080696ff1761dcf5cbee80160745321ecf81ee0feb95d969db4fdc8","KEEP","REGISTERED","role_definition","DIV-10","evaluation","engineering-and-platform","SOFTWARE_BUILD|REPOSITORY_REVIEW|DEPLOYMENT_VERIFICATION|MCP_INTEGRATION","SKL-027|SKL-028|SKL-030|SKL-045","TOL-001|TOL-002","moderate","A2","I1","provider-neutral; deployment-profile-required","DECLARED","registry/roles/ESP-03-code-review-quality.yaml","Preserve the existing manifest and add capability mappings without changing its stable ID."
"role","ESP-04","Test Engineering Agent","02_CROSS_INDUSTRY_ROLE_CATALOG.md","/Agent Roles & Skills Catalog/02_CROSS_INDUSTRY_ROLE_CATALOG.md","898e5e914080696ff1761dcf5cbee80160745321ecf81ee0feb95d969db4fdc8","MISSING","SOURCE_ONLY","role_definition","DIV-10","creation","engineering-and-platform","SOFTWARE_BUILD|REPOSITORY_REVIEW|DEPLOYMENT_VERIFICATION|MCP_INTEGRATION","","TOL-001|TOL-002","moderate","A2","I1","provider-neutral; deployment-profile-required","DECLARED","","Not yet promoted; evaluate against capability gaps and persistent-control needs before creating a canonical manifest."
"role","ESP-05","DevOps & Release Readiness Agent","02_CROSS_INDUSTRY_ROLE_CATALOG.md","/Agent Roles & Skills Catalog/02_CROSS_INDUSTRY_ROLE_CATALOG.md","898e5e914080696ff1761dcf5cbee80160745321ecf81ee0feb95d969db4fdc8","MISSING","SOURCE_ONLY","role_definition","DIV-07","delivery_operations","engineering-and-platform","SOFTWARE_BUILD|REPOSITORY_REVIEW|DEPLOYMENT_VERIFICATION|MCP_INTEGRATION","","TOL-001|TOL-002","moderate","A2","I2","provider-neutral; deployment-profile-required","DECLARED","","Not yet promoted; evaluate against capability gaps and persistent-control needs before creating a canonical manifest."
"role","ESP-06","Reliability Monitor & Incident Triage Agent","02_CROSS_INDUSTRY_ROLE_CATALOG.md","/Agent Roles & Skills Catalog/02_CROSS_INDUSTRY_ROLE_CATALOG.md","898e5e914080696ff1761dcf5cbee80160745321ecf81ee0feb95d969db4fdc8","MISSING","SOURCE_ONLY","role_definition","DIV-10","evaluation","engineering-and-platform","SOFTWARE_BUILD|REPOSITORY_REVIEW|DEPLOYMENT_VERIFICATION|MCP_INTEGRATION","","TOL-001|TOL-002","moderate","A2","I1","provider-neutral; deployment-profile-required","DECLARED","","Not yet promoted; evaluate against capability gaps and persistent-control needs before creating a canonical manifest."
"role","ESP-07","Security Posture Analyst","02_CROSS_INDUSTRY_ROLE_CATALOG.md","/Agent Roles & Skills Catalog/02_CROSS_INDUSTRY_ROLE_CATALOG.md","898e5e914080696ff1761dcf5cbee80160745321ecf81ee0feb95d969db4fdc8","MISSING","SOURCE_ONLY","role_definition","DIV-10","evaluation","engineering-and-platform","SOFTWARE_BUILD|REPOSITORY_REVIEW|DEPLOYMENT_VERIFICATION|MCP_INTEGRATION","","TOL-001|TOL-002","high","A1","I1","provider-neutral; deployment-profile-required","DECLARED","","Not yet promoted; evaluate against capability gaps and persistent-control needs before creating a canonical manifest."
"role","ESP-08","Identity & Access Review Agent","02_CROSS_INDUSTRY_ROLE_CATALOG.md","/Agent Roles & Skills Catalog/02_CROSS_INDUSTRY_ROLE_CATALOG.md","898e5e914080696ff1761dcf5cbee80160745321ecf81ee0feb95d969db4fdc8","MISSING","SOURCE_ONLY","role_definition","DIV-10","evaluation","engineering-and-platform","SOFTWARE_BUILD|REPOSITORY_REVIEW|DEPLOYMENT_VERIFICATION|MCP_INTEGRATION","","TOL-001|TOL-002","high","A1","I1","provider-neutral; deployment-profile-required","DECLARED","","Not yet promoted; evaluate against capability gaps and persistent-control needs before creating a canonical manifest."
"role","ESP-09","Technical Documentation Agent","02_CROSS_INDUSTRY_ROLE_CATALOG.md","/Agent Roles & Skills Catalog/02_CROSS_INDUSTRY_ROLE_CATALOG.md","898e5e914080696ff1761dcf5cbee80160745321ecf81ee0feb95d969db4fdc8","MISSING","SOURCE_ONLY","role_definition","DIV-03","knowledge","engineering-and-platform","SOFTWARE_BUILD|REPOSITORY_REVIEW|DEPLOYMENT_VERIFICATION|MCP_INTEGRATION","","TOL-001|TOL-002","moderate","A2","I1","provider-neutral; deployment-profile-required","DECLARED","","Not yet promoted; evaluate against capability gaps and persistent-control needs before creating a canonical manifest."
"role","DAA-01","Data Steward Agent","02_CROSS_INDUSTRY_ROLE_CATALOG.md","/Agent Roles & Skills Catalog/02_CROSS_INDUSTRY_ROLE_CATALOG.md","898e5e914080696ff1761dcf5cbee80160745321ecf81ee0feb95d969db4fdc8","MISSING","SOURCE_ONLY","role_definition","DIV-05","control","data-analytics-and-ai","DATA_ANALYSIS","","TOL-002|TOL-003","moderate","A2","I1","provider-neutral; deployment-profile-required","DECLARED","","Not yet promoted; evaluate against capability gaps and persistent-control needs before creating a canonical manifest."
"role","DAA-02","Data Quality Monitor","02_CROSS_INDUSTRY_ROLE_CATALOG.md","/Agent Roles & Skills Catalog/02_CROSS_INDUSTRY_ROLE_CATALOG.md","898e5e914080696ff1761dcf5cbee80160745321ecf81ee0feb95d969db4fdc8","MISSING","SOURCE_ONLY","role_definition","DIV-05","evaluation","data-analytics-and-ai","DATA_ANALYSIS","","TOL-002|TOL-003","moderate","A2","I1","provider-neutral; deployment-profile-required","DECLARED","","Not yet promoted; evaluate against capability gaps and persistent-control needs before creating a canonical manifest."
"role","DAA-03","Analytics Insight Agent","02_CROSS_INDUSTRY_ROLE_CATALOG.md","/Agent Roles & Skills Catalog/02_CROSS_INDUSTRY_ROLE_CATALOG.md","898e5e914080696ff1761dcf5cbee80160745321ecf81ee0feb95d969db4fdc8","MISSING","SOURCE_ONLY","role_definition","DIV-05","analysis","data-analytics-and-ai","DATA_ANALYSIS","","TOL-002|TOL-003","moderate","A2","I1","provider-neutral; deployment-profile-required","DECLARED","","Not yet promoted; evaluate against capability gaps and persistent-control needs before creating a canonical manifest."
"role","DAA-04","Forecast & Scenario Agent","02_CROSS_INDUSTRY_ROLE_CATALOG.md","/Agent Roles & Skills Catalog/02_CROSS_INDUSTRY_ROLE_CATALOG.md","898e5e914080696ff1761dcf5cbee80160745321ecf81ee0feb95d969db4fdc8","MISSING","SOURCE_ONLY","role_definition","DIV-05","analysis","data-analytics-and-ai","DATA_ANALYSIS","","TOL-002|TOL-003","moderate","A2","I1","provider-neutral; deployment-profile-required","DECLARED","","Not yet promoted; evaluate against capability gaps and persistent-control needs before creating a canonical manifest."
"role","DAA-05","Experiment Analyst","02_CROSS_INDUSTRY_ROLE_CATALOG.md","/Agent Roles & Skills Catalog/02_CROSS_INDUSTRY_ROLE_CATALOG.md","898e5e914080696ff1761dcf5cbee80160745321ecf81ee0feb95d969db4fdc8","MISSING","SOURCE_ONLY","role_definition","DIV-05","analysis","data-analytics-and-ai","DATA_ANALYSIS","","TOL-002|TOL-003","moderate","A2","I1","provider-neutral; deployment-profile-required","DECLARED","","Not yet promoted; evaluate against capability gaps and persistent-control needs before creating a canonical manifest."
"role","DAA-06","ML Model Operations Agent","02_CROSS_INDUSTRY_ROLE_CATALOG.md","/Agent Roles & Skills Catalog/02_CROSS_INDUSTRY_ROLE_CATALOG.md","898e5e914080696ff1761dcf5cbee80160745321ecf81ee0feb95d969db4fdc8","MISSING","SOURCE_ONLY","role_definition","DIV-05","delivery_operations","data-analytics-and-ai","DATA_ANALYSIS","","TOL-002|TOL-003","moderate","A2","I2","provider-neutral; deployment-profile-required","DECLARED","","Not yet promoted; evaluate against capability gaps and persistent-control needs before creating a canonical manifest."
"role","DAA-07","AI Output Evaluator","02_CROSS_INDUSTRY_ROLE_CATALOG.md","/Agent Roles & Skills Catalog/02_CROSS_INDUSTRY_ROLE_CATALOG.md","898e5e914080696ff1761dcf5cbee80160745321ecf81ee0feb95d969db4fdc8","MISSING","SOURCE_ONLY","role_definition","DIV-05","evaluation","data-analytics-and-ai","DATA_ANALYSIS","","TOL-002|TOL-003","moderate","A2","I1","provider-neutral; deployment-profile-required","DECLARED","","Not yet promoted; evaluate against capability gaps and persistent-control needs before creating a canonical manifest."
"role","DAA-08","Decision Intelligence Agent","02_CROSS_INDUSTRY_ROLE_CATALOG.md","/Agent Roles & Skills Catalog/02_CROSS_INDUSTRY_ROLE_CATALOG.md","898e5e914080696ff1761dcf5cbee80160745321ecf81ee0feb95d969db4fdc8","MISSING","SOURCE_ONLY","role_definition","DIV-05","analysis","data-analytics-and-ai","DATA_ANALYSIS","","TOL-002|TOL-003","moderate","A2","I1","provider-neutral; deployment-profile-required","DECLARED","","Not yet promoted; evaluate against capability gaps and persistent-control needs before creating a canonical manifest."
"role","RCP-01","Market & Segment Intelligence Agent","02_CROSS_INDUSTRY_ROLE_CATALOG.md","/Agent Roles & Skills Catalog/02_CROSS_INDUSTRY_ROLE_CATALOG.md","898e5e914080696ff1761dcf5cbee80160745321ecf81ee0feb95d969db4fdc8","MISSING","SOURCE_ONLY","role_definition","DIV-08","analysis","revenue-and-customer","MARKET_RESEARCH|OPPORTUNITY_DISCOVERY|CLIENT_CONVERSION","","TOL-002","moderate","A2","I1","provider-neutral; deployment-profile-required","DECLARED","","Not yet promoted; evaluate against capability gaps and persistent-control needs before creating a canonical manifest."
"role","RCP-02","Campaign Planner Agent","02_CROSS_INDUSTRY_ROLE_CATALOG.md","/Agent Roles & Skills Catalog/02_CROSS_INDUSTRY_ROLE_CATALOG.md","898e5e914080696ff1761dcf5cbee80160745321ecf81ee0feb95d969db4fdc8","MISSING","SOURCE_ONLY","role_definition","DIV-08","creation","revenue-and-customer","MARKET_RESEARCH|OPPORTUNITY_DISCOVERY|CLIENT_CONVERSION","","TOL-002","moderate","A2","I1","provider-neutral; deployment-profile-required","DECLARED","","Not yet promoted; evaluate against capability gaps and persistent-control needs before creating a canonical manifest."
"role","RCP-03","Sales Research & Account Briefing Agent","02_CROSS_INDUSTRY_ROLE_CATALOG.md","/Agent Roles & Skills Catalog/02_CROSS_INDUSTRY_ROLE_CATALOG.md","898e5e914080696ff1761dcf5cbee80160745321ecf81ee0feb95d969db4fdc8","MISSING","SOURCE_ONLY","role_definition","DIV-08","knowledge","revenue-and-customer","MARKET_RESEARCH|OPPORTUNITY_DISCOVERY|CLIENT_CONVERSION","","TOL-002","moderate","A2","I1","provider-neutral; deployment-profile-required","DECLARED","","Not yet promoted; evaluate against capability gaps and persistent-control needs before creating a canonical manifest."
"role","RCP-04","Proposal & RFP Response Agent","02_CROSS_INDUSTRY_ROLE_CATALOG.md","/Agent Roles & Skills Catalog/02_CROSS_INDUSTRY_ROLE_CATALOG.md","898e5e914080696ff1761dcf5cbee80160745321ecf81ee0feb95d969db4fdc8","MISSING","SOURCE_ONLY","role_definition","DIV-08","creation","revenue-and-customer","MARKET_RESEARCH|OPPORTUNITY_DISCOVERY|CLIENT_CONVERSION","","TOL-002","moderate","A2","I1","provider-neutral; deployment-profile-required","DECLARED","","Not yet promoted; evaluate against capability gaps and persistent-control needs before creating a canonical manifest."
"role","RCP-05","Customer Success Insight Agent","02_CROSS_INDUSTRY_ROLE_CATALOG.md","/Agent Roles & Skills Catalog/02_CROSS_INDUSTRY_ROLE_CATALOG.md","898e5e914080696ff1761dcf5cbee80160745321ecf81ee0feb95d969db4fdc8","MISSING","SOURCE_ONLY","role_definition","DIV-08","analysis","revenue-and-customer","MARKET_RESEARCH|OPPORTUNITY_DISCOVERY|CLIENT_CONVERSION","","TOL-002","moderate","A2","I1","provider-neutral; deployment-profile-required","DECLARED","","Not yet promoted; evaluate against capability gaps and persistent-control needs before creating a canonical manifest."
"role","RCP-06","Support Triage & Knowledge Agent","02_CROSS_INDUSTRY_ROLE_CATALOG.md","/Agent Roles & Skills Catalog/02_CROSS_INDUSTRY_ROLE_CATALOG.md","898e5e914080696ff1761dcf5cbee80160745321ecf81ee0feb95d969db4fdc8","MISSING","SOURCE_ONLY","role_definition","DIV-08","knowledge","revenue-and-customer","MARKET_RESEARCH|OPPORTUNITY_DISCOVERY|CLIENT_CONVERSION","","TOL-002","moderate","A2","I1","provider-neutral; deployment-profile-required","DECLARED","","Not yet promoted; evaluate against capability gaps and persistent-control needs before creating a canonical manifest."
"role","RCP-07","Voice of Customer Analyst","02_CROSS_INDUSTRY_ROLE_CATALOG.md","/Agent Roles & Skills Catalog/02_CROSS_INDUSTRY_ROLE_CATALOG.md","898e5e914080696ff1761dcf5cbee80160745321ecf81ee0feb95d969db4fdc8","MISSING","SOURCE_ONLY","role_definition","DIV-08","analysis","revenue-and-customer","MARKET_RESEARCH|OPPORTUNITY_DISCOVERY|CLIENT_CONVERSION","","TOL-002","moderate","A2","I1","provider-neutral; deployment-profile-required","DECLARED","","Not yet promoted; evaluate against capability gaps and persistent-control needs before creating a canonical manifest."
"role","RCP-08","Partner Ecosystem Research Agent","02_CROSS_INDUSTRY_ROLE_CATALOG.md","/Agent Roles & Skills Catalog/02_CROSS_INDUSTRY_ROLE_CATALOG.md","898e5e914080696ff1761dcf5cbee80160745321ecf81ee0feb95d969db4fdc8","MISSING","SOURCE_ONLY","role_definition","DIV-08","knowledge","revenue-and-customer","MARKET_RESEARCH|OPPORTUNITY_DISCOVERY|CLIENT_CONVERSION","","TOL-002","moderate","A2","I1","provider-neutral; deployment-profile-required","DECLARED","","Not yet promoted; evaluate against capability gaps and persistent-control needs before creating a canonical manifest."
"role","OSP-01","Operations Planning Agent","02_CROSS_INDUSTRY_ROLE_CATALOG.md","/Agent Roles & Skills Catalog/02_CROSS_INDUSTRY_ROLE_CATALOG.md","898e5e914080696ff1761dcf5cbee80160745321ecf81ee0feb95d969db4fdc8","MISSING","SOURCE_ONLY","role_definition","DIV-05","delivery_operations","operations-and-supply-chain","DATA_ANALYSIS","","TOL-002|TOL-003","moderate","A2","I2","provider-neutral; deployment-profile-required","DECLARED","","Not yet promoted; evaluate against capability gaps and persistent-control needs before creating a canonical manifest."
"role","OSP-02","Supply & Demand Signal Analyst","02_CROSS_INDUSTRY_ROLE_CATALOG.md","/Agent Roles & Skills Catalog/02_CROSS_INDUSTRY_ROLE_CATALOG.md","898e5e914080696ff1761dcf5cbee80160745321ecf81ee0feb95d969db4fdc8","MISSING","SOURCE_ONLY","role_definition","DIV-05","analysis","operations-and-supply-chain","DATA_ANALYSIS","","TOL-002|TOL-003","moderate","A2","I1","provider-neutral; deployment-profile-required","DECLARED","","Not yet promoted; evaluate against capability gaps and persistent-control needs before creating a canonical manifest."
"role","OSP-03","Procurement Research & Intake Agent","02_CROSS_INDUSTRY_ROLE_CATALOG.md","/Agent Roles & Skills Catalog/02_CROSS_INDUSTRY_ROLE_CATALOG.md","898e5e914080696ff1761dcf5cbee80160745321ecf81ee0feb95d969db4fdc8","MISSING","SOURCE_ONLY","role_definition","DIV-05","knowledge","operations-and-supply-chain","DATA_ANALYSIS","","TOL-002|TOL-003","moderate","A2","I1","provider-neutral; deployment-profile-required","DECLARED","","Not yet promoted; evaluate against capability gaps and persistent-control needs before creating a canonical manifest."
"role","OSP-04","Vendor Performance Monitor","02_CROSS_INDUSTRY_ROLE_CATALOG.md","/Agent Roles & Skills Catalog/02_CROSS_INDUSTRY_ROLE_CATALOG.md","898e5e914080696ff1761dcf5cbee80160745321ecf81ee0feb95d969db4fdc8","MISSING","SOURCE_ONLY","role_definition","DIV-05","evaluation","operations-and-supply-chain","DATA_ANALYSIS","","TOL-002|TOL-003","moderate","A2","I1","provider-neutral; deployment-profile-required","DECLARED","","Not yet promoted; evaluate against capability gaps and persistent-control needs before creating a canonical manifest."
"role","OSP-05","Process Excellence Agent","02_CROSS_INDUSTRY_ROLE_CATALOG.md","/Agent Roles & Skills Catalog/02_CROSS_INDUSTRY_ROLE_CATALOG.md","898e5e914080696ff1761dcf5cbee80160745321ecf81ee0feb95d969db4fdc8","MISSING","SOURCE_ONLY","role_definition","DIV-05","creation","operations-and-supply-chain","DATA_ANALYSIS","","TOL-002|TOL-003","moderate","A2","I1","provider-neutral; deployment-profile-required","DECLARED","","Not yet promoted; evaluate against capability gaps and persistent-control needs before creating a canonical manifest."
"role","OSP-06","Quality Management Agent","02_CROSS_INDUSTRY_ROLE_CATALOG.md","/Agent Roles & Skills Catalog/02_CROSS_INDUSTRY_ROLE_CATALOG.md","898e5e914080696ff1761dcf5cbee80160745321ecf81ee0feb95d969db4fdc8","MISSING","SOURCE_ONLY","role_definition","DIV-05","evaluation","operations-and-supply-chain","DATA_ANALYSIS","","TOL-002|TOL-003","moderate","A2","I1","provider-neutral; deployment-profile-required","DECLARED","","Not yet promoted; evaluate against capability gaps and persistent-control needs before creating a canonical manifest."
"role","OSP-07","Field Service Coordinator","02_CROSS_INDUSTRY_ROLE_CATALOG.md","/Agent Roles & Skills Catalog/02_CROSS_INDUSTRY_ROLE_CATALOG.md","898e5e914080696ff1761dcf5cbee80160745321ecf81ee0feb95d969db4fdc8","MISSING","SOURCE_ONLY","role_definition","DIV-05","control","operations-and-supply-chain","DATA_ANALYSIS","","TOL-002|TOL-003","moderate","A2","I1","provider-neutral; deployment-profile-required","DECLARED","","Not yet promoted; evaluate against capability gaps and persistent-control needs before creating a canonical manifest."
"role","OSP-08","Asset & Maintenance Intelligence Agent","02_CROSS_INDUSTRY_ROLE_CATALOG.md","/Agent Roles & Skills Catalog/02_CROSS_INDUSTRY_ROLE_CATALOG.md","898e5e914080696ff1761dcf5cbee80160745321ecf81ee0feb95d969db4fdc8","MISSING","SOURCE_ONLY","role_definition","DIV-05","analysis","operations-and-supply-chain","DATA_ANALYSIS","","TOL-002|TOL-003","moderate","A2","I1","provider-neutral; deployment-profile-required","DECLARED","","Not yet promoted; evaluate against capability gaps and persistent-control needs before creating a canonical manifest."
"role","FRC-01","Financial Close Support Agent","02_CROSS_INDUSTRY_ROLE_CATALOG.md","/Agent Roles & Skills Catalog/02_CROSS_INDUSTRY_ROLE_CATALOG.md","898e5e914080696ff1761dcf5cbee80160745321ecf81ee0feb95d969db4fdc8","MISSING","SOURCE_ONLY","role_definition","DIV-09","delivery_operations","finance-risk-and-legal","FINANCIAL_ANALYSIS|CONTRACT_ANALYSIS","","TOL-002|TOL-003","high","A1","I1","provider-neutral; deployment-profile-required","DECLARED","","Not yet promoted; evaluate against capability gaps and persistent-control needs before creating a canonical manifest."
"role","FRC-02","Spend & Budget Insight Agent","02_CROSS_INDUSTRY_ROLE_CATALOG.md","/Agent Roles & Skills Catalog/02_CROSS_INDUSTRY_ROLE_CATALOG.md","898e5e914080696ff1761dcf5cbee80160745321ecf81ee0feb95d969db4fdc8","MISSING","SOURCE_ONLY","role_definition","DIV-09","analysis","finance-risk-and-legal","FINANCIAL_ANALYSIS|CONTRACT_ANALYSIS","","TOL-002|TOL-003","moderate","A2","I1","provider-neutral; deployment-profile-required","DECLARED","","Not yet promoted; evaluate against capability gaps and persistent-control needs before creating a canonical manifest."
"role","FRC-03","Revenue Assurance Analyst","02_CROSS_INDUSTRY_ROLE_CATALOG.md","/Agent Roles & Skills Catalog/02_CROSS_INDUSTRY_ROLE_CATALOG.md","898e5e914080696ff1761dcf5cbee80160745321ecf81ee0feb95d969db4fdc8","MISSING","SOURCE_ONLY","role_definition","DIV-09","analysis","finance-risk-and-legal","FINANCIAL_ANALYSIS|CONTRACT_ANALYSIS","","TOL-002|TOL-003","high","A1","I1","provider-neutral; deployment-profile-required","DECLARED","","Not yet promoted; evaluate against capability gaps and persistent-control needs before creating a canonical manifest."
"role","FRC-04","Contract Intelligence Agent","02_CROSS_INDUSTRY_ROLE_CATALOG.md","/Agent Roles & Skills Catalog/02_CROSS_INDUSTRY_ROLE_CATALOG.md","898e5e914080696ff1761dcf5cbee80160745321ecf81ee0feb95d969db4fdc8","MISSING","SOURCE_ONLY","role_definition","DIV-09","analysis","finance-risk-and-legal","FINANCIAL_ANALYSIS|CONTRACT_ANALYSIS","","TOL-002|TOL-003","high","A1","I1","provider-neutral; deployment-profile-required","DECLARED","","Not yet promoted; evaluate against capability gaps and persistent-control needs before creating a canonical manifest."
"role","FRC-05","Compliance Monitoring Agent","02_CROSS_INDUSTRY_ROLE_CATALOG.md","/Agent Roles & Skills Catalog/02_CROSS_INDUSTRY_ROLE_CATALOG.md","898e5e914080696ff1761dcf5cbee80160745321ecf81ee0feb95d969db4fdc8","MISSING","SOURCE_ONLY","role_definition","DIV-09","evaluation","finance-risk-and-legal","FINANCIAL_ANALYSIS|CONTRACT_ANALYSIS","","TOL-002|TOL-003","high","A1","I1","provider-neutral; deployment-profile-required","DECLARED","","Not yet promoted; evaluate against capability gaps and persistent-control needs before creating a canonical manifest."
"role","FRC-06","Enterprise Risk Analyst","02_CROSS_INDUSTRY_ROLE_CATALOG.md","/Agent Roles & Skills Catalog/02_CROSS_INDUSTRY_ROLE_CATALOG.md","898e5e914080696ff1761dcf5cbee80160745321ecf81ee0feb95d969db4fdc8","MISSING","SOURCE_ONLY","role_definition","DIV-09","evaluation","finance-risk-and-legal","FINANCIAL_ANALYSIS|CONTRACT_ANALYSIS","","TOL-002|TOL-003","moderate","A2","I1","provider-neutral; deployment-profile-required","DECLARED","","Not yet promoted; evaluate against capability gaps and persistent-control needs before creating a canonical manifest."
"role","FRC-07","Privacy & Data-Use Triage Agent","02_CROSS_INDUSTRY_ROLE_CATALOG.md","/Agent Roles & Skills Catalog/02_CROSS_INDUSTRY_ROLE_CATALOG.md","898e5e914080696ff1761dcf5cbee80160745321ecf81ee0feb95d969db4fdc8","MISSING","SOURCE_ONLY","role_definition","DIV-09","evaluation","finance-risk-and-legal","FINANCIAL_ANALYSIS|CONTRACT_ANALYSIS","","TOL-002|TOL-003","high","A1","I1","provider-neutral; deployment-profile-required","DECLARED","","Not yet promoted; evaluate against capability gaps and persistent-control needs before creating a canonical manifest."
"role","FRC-08","Fraud & Anomaly Triage Agent","02_CROSS_INDUSTRY_ROLE_CATALOG.md","/Agent Roles & Skills Catalog/02_CROSS_INDUSTRY_ROLE_CATALOG.md","898e5e914080696ff1761dcf5cbee80160745321ecf81ee0feb95d969db4fdc8","MISSING","SOURCE_ONLY","role_definition","DIV-09","analysis","finance-risk-and-legal","FINANCIAL_ANALYSIS|CONTRACT_ANALYSIS","","TOL-002|TOL-003","high","A1","I1","provider-neutral; deployment-profile-required","DECLARED","","Not yet promoted; evaluate against capability gaps and persistent-control needs before creating a canonical manifest."
"role","PLE-01","Workforce Planning Agent","02_CROSS_INDUSTRY_ROLE_CATALOG.md","/Agent Roles & Skills Catalog/02_CROSS_INDUSTRY_ROLE_CATALOG.md","898e5e914080696ff1761dcf5cbee80160745321ecf81ee0feb95d969db4fdc8","MISSING","SOURCE_ONLY","role_definition","DIV-09","creation","people-and-learning","DATA_ANALYSIS","","TOL-002|TOL-003","moderate","A2","I1","provider-neutral; deployment-profile-required","DECLARED","","Not yet promoted; evaluate against capability gaps and persistent-control needs before creating a canonical manifest."
"role","PLE-02","Talent Sourcing Research Agent","02_CROSS_INDUSTRY_ROLE_CATALOG.md","/Agent Roles & Skills Catalog/02_CROSS_INDUSTRY_ROLE_CATALOG.md","898e5e914080696ff1761dcf5cbee80160745321ecf81ee0feb95d969db4fdc8","MISSING","SOURCE_ONLY","role_definition","DIV-09","knowledge","people-and-learning","DATA_ANALYSIS","","TOL-002|TOL-003","moderate","A2","I1","provider-neutral; deployment-profile-required","DECLARED","","Not yet promoted; evaluate against capability gaps and persistent-control needs before creating a canonical manifest."
"role","PLE-03","Learning Experience Designer","02_CROSS_INDUSTRY_ROLE_CATALOG.md","/Agent Roles & Skills Catalog/02_CROSS_INDUSTRY_ROLE_CATALOG.md","898e5e914080696ff1761dcf5cbee80160745321ecf81ee0feb95d969db4fdc8","MISSING","SOURCE_ONLY","role_definition","DIV-09","creation","people-and-learning","DATA_ANALYSIS","","TOL-002|TOL-003","moderate","A2","I1","provider-neutral; deployment-profile-required","DECLARED","","Not yet promoted; evaluate against capability gaps and persistent-control needs before creating a canonical manifest."
"role","PLE-04","Performance Enablement Coach","02_CROSS_INDUSTRY_ROLE_CATALOG.md","/Agent Roles & Skills Catalog/02_CROSS_INDUSTRY_ROLE_CATALOG.md","898e5e914080696ff1761dcf5cbee80160745321ecf81ee0feb95d969db4fdc8","MISSING","SOURCE_ONLY","role_definition","DIV-09","creation","people-and-learning","DATA_ANALYSIS","","TOL-002|TOL-003","moderate","A2","I1","provider-neutral; deployment-profile-required","DECLARED","","Not yet promoted; evaluate against capability gaps and persistent-control needs before creating a canonical manifest."
"role","PLE-05","Employee Service Triage Agent","02_CROSS_INDUSTRY_ROLE_CATALOG.md","/Agent Roles & Skills Catalog/02_CROSS_INDUSTRY_ROLE_CATALOG.md","898e5e914080696ff1761dcf5cbee80160745321ecf81ee0feb95d969db4fdc8","MISSING","SOURCE_ONLY","role_definition","DIV-09","analysis","people-and-learning","DATA_ANALYSIS","","TOL-002|TOL-003","moderate","A2","I1","provider-neutral; deployment-profile-required","DECLARED","","Not yet promoted; evaluate against capability gaps and persistent-control needs before creating a canonical manifest."
"role","PLE-06","Organizational Knowledge Facilitator","02_CROSS_INDUSTRY_ROLE_CATALOG.md","/Agent Roles & Skills Catalog/02_CROSS_INDUSTRY_ROLE_CATALOG.md","898e5e914080696ff1761dcf5cbee80160745321ecf81ee0feb95d969db4fdc8","MISSING","SOURCE_ONLY","role_definition","DIV-09","knowledge","people-and-learning","DATA_ANALYSIS","","TOL-002|TOL-003","moderate","A2","I1","provider-neutral; deployment-profile-required","DECLARED","","Not yet promoted; evaluate against capability gaps and persistent-control needs before creating a canonical manifest."
"role","HPE-01","Care Coordination Support Agent","02_CROSS_INDUSTRY_ROLE_CATALOG.md","/Agent Roles & Skills Catalog/02_CROSS_INDUSTRY_ROLE_CATALOG.md","898e5e914080696ff1761dcf5cbee80160745321ecf81ee0feb95d969db4fdc8","MISSING","SOURCE_ONLY","role_definition","DIV-02","creation","healthcare-and-public-service","MARKET_RESEARCH|DATA_ANALYSIS","","TOL-002|TOL-003","moderate","A2","I1","provider-neutral; deployment-profile-required","DECLARED","","Not yet promoted; evaluate against capability gaps and persistent-control needs before creating a canonical manifest."
"role","HPE-02","Clinical Documentation Assistant","02_CROSS_INDUSTRY_ROLE_CATALOG.md","/Agent Roles & Skills Catalog/02_CROSS_INDUSTRY_ROLE_CATALOG.md","898e5e914080696ff1761dcf5cbee80160745321ecf81ee0feb95d969db4fdc8","MISSING","SOURCE_ONLY","role_definition","DIV-02","knowledge","healthcare-and-public-service","MARKET_RESEARCH|DATA_ANALYSIS","","TOL-002|TOL-003","high","A1","I1","provider-neutral; deployment-profile-required","DECLARED","","Not yet promoted; evaluate against capability gaps and persistent-control needs before creating a canonical manifest."
"role","HPE-03","Patient/Member Education Writer","02_CROSS_INDUSTRY_ROLE_CATALOG.md","/Agent Roles & Skills Catalog/02_CROSS_INDUSTRY_ROLE_CATALOG.md","898e5e914080696ff1761dcf5cbee80160745321ecf81ee0feb95d969db4fdc8","MISSING","SOURCE_ONLY","role_definition","DIV-02","creation","healthcare-and-public-service","MARKET_RESEARCH|DATA_ANALYSIS","","TOL-002|TOL-003","moderate","A2","I1","provider-neutral; deployment-profile-required","DECLARED","","Not yet promoted; evaluate against capability gaps and persistent-control needs before creating a canonical manifest."
"role","HPE-04","Public Program Research Agent","02_CROSS_INDUSTRY_ROLE_CATALOG.md","/Agent Roles & Skills Catalog/02_CROSS_INDUSTRY_ROLE_CATALOG.md","898e5e914080696ff1761dcf5cbee80160745321ecf81ee0feb95d969db4fdc8","MISSING","SOURCE_ONLY","role_definition","DIV-02","knowledge","healthcare-and-public-service","MARKET_RESEARCH|DATA_ANALYSIS","","TOL-002|TOL-003","moderate","A2","I1","provider-neutral; deployment-profile-required","DECLARED","","Not yet promoted; evaluate against capability gaps and persistent-control needs before creating a canonical manifest."
"role","HPE-05","Casework Intake & Routing Agent","02_CROSS_INDUSTRY_ROLE_CATALOG.md","/Agent Roles & Skills Catalog/02_CROSS_INDUSTRY_ROLE_CATALOG.md","898e5e914080696ff1761dcf5cbee80160745321ecf81ee0feb95d969db4fdc8","MISSING","SOURCE_ONLY","role_definition","DIV-02","creation","healthcare-and-public-service","MARKET_RESEARCH|DATA_ANALYSIS","","TOL-002|TOL-003","moderate","A2","I1","provider-neutral; deployment-profile-required","DECLARED","","Not yet promoted; evaluate against capability gaps and persistent-control needs before creating a canonical manifest."
"role","HPE-06","Education Content & Assessment Agent","02_CROSS_INDUSTRY_ROLE_CATALOG.md","/Agent Roles & Skills Catalog/02_CROSS_INDUSTRY_ROLE_CATALOG.md","898e5e914080696ff1761dcf5cbee80160745321ecf81ee0feb95d969db4fdc8","MISSING","SOURCE_ONLY","role_definition","DIV-02","creation","healthcare-and-public-service","MARKET_RESEARCH|DATA_ANALYSIS","","TOL-002|TOL-003","moderate","A2","I1","provider-neutral; deployment-profile-required","DECLARED","","Not yet promoted; evaluate against capability gaps and persistent-control needs before creating a canonical manifest."
"role","BSF-01","Project Controls Agent","02_CROSS_INDUSTRY_ROLE_CATALOG.md","/Agent Roles & Skills Catalog/02_CROSS_INDUSTRY_ROLE_CATALOG.md","898e5e914080696ff1761dcf5cbee80160745321ecf81ee0feb95d969db4fdc8","MISSING","SOURCE_ONLY","role_definition","DIV-05","control","built-environment-science-and-field","MARKET_RESEARCH|DATA_ANALYSIS","","TOL-002|TOL-003","moderate","A2","I1","provider-neutral; deployment-profile-required","DECLARED","","Not yet promoted; evaluate against capability gaps and persistent-control needs before creating a canonical manifest."
"role","BSF-02","Design Document Coordinator","02_CROSS_INDUSTRY_ROLE_CATALOG.md","/Agent Roles & Skills Catalog/02_CROSS_INDUSTRY_ROLE_CATALOG.md","898e5e914080696ff1761dcf5cbee80160745321ecf81ee0feb95d969db4fdc8","MISSING","SOURCE_ONLY","role_definition","DIV-05","control","built-environment-science-and-field","MARKET_RESEARCH|DATA_ANALYSIS","","TOL-002|TOL-003","moderate","A2","I1","provider-neutral; deployment-profile-required","DECLARED","","Not yet promoted; evaluate against capability gaps and persistent-control needs before creating a canonical manifest."
"role","BSF-03","Field Observation Triage Agent","02_CROSS_INDUSTRY_ROLE_CATALOG.md","/Agent Roles & Skills Catalog/02_CROSS_INDUSTRY_ROLE_CATALOG.md","898e5e914080696ff1761dcf5cbee80160745321ecf81ee0feb95d969db4fdc8","MISSING","SOURCE_ONLY","role_definition","DIV-05","analysis","built-environment-science-and-field","MARKET_RESEARCH|DATA_ANALYSIS","","TOL-002|TOL-003","moderate","A2","I1","provider-neutral; deployment-profile-required","DECLARED","","Not yet promoted; evaluate against capability gaps and persistent-control needs before creating a canonical manifest."
"role","BSF-04","Scientific Literature & Protocol Agent","02_CROSS_INDUSTRY_ROLE_CATALOG.md","/Agent Roles & Skills Catalog/02_CROSS_INDUSTRY_ROLE_CATALOG.md","898e5e914080696ff1761dcf5cbee80160745321ecf81ee0feb95d969db4fdc8","MISSING","SOURCE_ONLY","role_definition","DIV-05","knowledge","built-environment-science-and-field","MARKET_RESEARCH|DATA_ANALYSIS","","TOL-002|TOL-003","moderate","A2","I1","provider-neutral; deployment-profile-required","DECLARED","","Not yet promoted; evaluate against capability gaps and persistent-control needs before creating a canonical manifest."
"role","BSF-05","Laboratory Data Steward","02_CROSS_INDUSTRY_ROLE_CATALOG.md","/Agent Roles & Skills Catalog/02_CROSS_INDUSTRY_ROLE_CATALOG.md","898e5e914080696ff1761dcf5cbee80160745321ecf81ee0feb95d969db4fdc8","MISSING","SOURCE_ONLY","role_definition","DIV-05","control","built-environment-science-and-field","MARKET_RESEARCH|DATA_ANALYSIS","","TOL-002|TOL-003","moderate","A2","I1","provider-neutral; deployment-profile-required","DECLARED","","Not yet promoted; evaluate against capability gaps and persistent-control needs before creating a canonical manifest."
"role","BSF-06","Sustainability & Impact Analyst","02_CROSS_INDUSTRY_ROLE_CATALOG.md","/Agent Roles & Skills Catalog/02_CROSS_INDUSTRY_ROLE_CATALOG.md","898e5e914080696ff1761dcf5cbee80160745321ecf81ee0feb95d969db4fdc8","MISSING","SOURCE_ONLY","role_definition","DIV-05","analysis","built-environment-science-and-field","MARKET_RESEARCH|DATA_ANALYSIS","","TOL-002|TOL-003","moderate","A2","I1","provider-neutral; deployment-profile-required","DECLARED","","Not yet promoted; evaluate against capability gaps and persistent-control needs before creating a canonical manifest."
"skill","SKL-001","Structured Intake Normalization","03_SKILL_AND_INTEGRATION_CATALOG.md","/Agent Roles & Skills Catalog/03_SKILL_AND_INTEGRATION_CATALOG.md","ec9c27def9db646e2e2bad2bd6a0c3c67b93a891cc0648d86af0d0112ae4258b","MISSING","SOURCE_ONLY","skill_definition","DIV-01","creation","cross-domain","AGENT_DESIGN","SKL-001","TOL-001|TOL-002","moderate","A1","I1","provider-neutral; fixture-and-adapter-required","DECLARED","","Source specification exists but has not been promoted; add only with fixtures, limits, and acceptance evidence."
"skill","SKL-002","Task Decomposition & Dependency Mapping","03_SKILL_AND_INTEGRATION_CATALOG.md","/Agent Roles & Skills Catalog/03_SKILL_AND_INTEGRATION_CATALOG.md","ec9c27def9db646e2e2bad2bd6a0c3c67b93a891cc0648d86af0d0112ae4258b","KEEP","REGISTERED","skill_definition","DIV-01","creation","cross-domain","AGENT_DESIGN","SKL-002","TOL-001|TOL-002","moderate","A1","I1","provider-neutral; fixture-and-adapter-required","DECLARED","registry/skills/SKL-002-task-decomposition.yaml","Preserve the existing SkillSpec and connect it to Capability IDs."
"skill","SKL-003","Status & Handoff Validation","03_SKILL_AND_INTEGRATION_CATALOG.md","/Agent Roles & Skills Catalog/03_SKILL_AND_INTEGRATION_CATALOG.md","ec9c27def9db646e2e2bad2bd6a0c3c67b93a891cc0648d86af0d0112ae4258b","KEEP","REGISTERED","skill_definition","DIV-01","creation","cross-domain","AGENT_DESIGN","SKL-003","TOL-001|TOL-002","moderate","A1","I1","provider-neutral; fixture-and-adapter-required","DECLARED","registry/skills/SKL-003-handoff-validation.yaml","Preserve the existing SkillSpec and connect it to Capability IDs."
"skill","SKL-004","Approval Routing","03_SKILL_AND_INTEGRATION_CATALOG.md","/Agent Roles & Skills Catalog/03_SKILL_AND_INTEGRATION_CATALOG.md","ec9c27def9db646e2e2bad2bd6a0c3c67b93a891cc0648d86af0d0112ae4258b","KEEP","REGISTERED","skill_definition","DIV-01","creation","cross-domain","AGENT_DESIGN","SKL-004","TOL-001|TOL-002","moderate","A1","I1","provider-neutral; fixture-and-adapter-required","DECLARED","registry/skills/SKL-004-approval-routing.yaml","Preserve the existing SkillSpec and connect it to Capability IDs."
"skill","SKL-005","Policy-to-Control Mapping","03_SKILL_AND_INTEGRATION_CATALOG.md","/Agent Roles & Skills Catalog/03_SKILL_AND_INTEGRATION_CATALOG.md","ec9c27def9db646e2e2bad2bd6a0c3c67b93a891cc0648d86af0d0112ae4258b","KEEP","REGISTERED","skill_definition","DIV-01","control","cross-domain","AGENT_DESIGN","SKL-005","TOL-001|TOL-002","moderate","A1","I1","provider-neutral; fixture-and-adapter-required","DECLARED","registry/skills/SKL-005-policy-control-mapping.yaml","Preserve the existing SkillSpec and connect it to Capability IDs."
"skill","SKL-006","Claim Extraction & Source Citation","03_SKILL_AND_INTEGRATION_CATALOG.md","/Agent Roles & Skills Catalog/03_SKILL_AND_INTEGRATION_CATALOG.md","ec9c27def9db646e2e2bad2bd6a0c3c67b93a891cc0648d86af0d0112ae4258b","KEEP","REGISTERED","skill_definition","DIV-02","creation","cross-domain","MARKET_RESEARCH|OPPORTUNITY_DISCOVERY","SKL-006","TOL-002","moderate","A1","I1","provider-neutral; fixture-and-adapter-required","DECLARED","registry/skills/SKL-006-claim-extraction-citation.yaml","Preserve the existing SkillSpec and connect it to Capability IDs."
"skill","SKL-007","Source Quality Assessment","03_SKILL_AND_INTEGRATION_CATALOG.md","/Agent Roles & Skills Catalog/03_SKILL_AND_INTEGRATION_CATALOG.md","ec9c27def9db646e2e2bad2bd6a0c3c67b93a891cc0648d86af0d0112ae4258b","KEEP","REGISTERED","skill_definition","DIV-02","evaluation","cross-domain","MARKET_RESEARCH|OPPORTUNITY_DISCOVERY","SKL-007","TOL-002","moderate","A1","I1","provider-neutral; fixture-and-adapter-required","DECLARED","registry/skills/SKL-007-source-quality-assessment.yaml","Preserve the existing SkillSpec and connect it to Capability IDs."
"skill","SKL-008","Knowledge Retrieval & Grounded Synthesis","03_SKILL_AND_INTEGRATION_CATALOG.md","/Agent Roles & Skills Catalog/03_SKILL_AND_INTEGRATION_CATALOG.md","ec9c27def9db646e2e2bad2bd6a0c3c67b93a891cc0648d86af0d0112ae4258b","KEEP","REGISTERED","skill_definition","DIV-02","knowledge","cross-domain","MARKET_RESEARCH|OPPORTUNITY_DISCOVERY","SKL-008","TOL-002","moderate","A1","I1","provider-neutral; fixture-and-adapter-required","DECLARED","registry/skills/SKL-008-grounded-synthesis.yaml","Preserve the existing SkillSpec and connect it to Capability IDs."
"skill","SKL-009","Taxonomy & Metadata Tagging","03_SKILL_AND_INTEGRATION_CATALOG.md","/Agent Roles & Skills Catalog/03_SKILL_AND_INTEGRATION_CATALOG.md","ec9c27def9db646e2e2bad2bd6a0c3c67b93a891cc0648d86af0d0112ae4258b","KEEP","REGISTERED","skill_definition","DIV-02","knowledge","cross-domain","AGENT_DESIGN|RELEASE_PACKAGING","SKL-009","TOL-001|TOL-002|TOL-003","moderate","A1","I1","provider-neutral; fixture-and-adapter-required","DECLARED","registry/skills/SKL-009-taxonomy-metadata-tagging.yaml","Preserve the existing SkillSpec and connect it to Capability IDs."
"skill","SKL-010","Version, Lineage & Provenance Tracking","03_SKILL_AND_INTEGRATION_CATALOG.md","/Agent Roles & Skills Catalog/03_SKILL_AND_INTEGRATION_CATALOG.md","ec9c27def9db646e2e2bad2bd6a0c3c67b93a891cc0648d86af0d0112ae4258b","KEEP","REGISTERED","skill_definition","DIV-02","creation","cross-domain","AGENT_DESIGN|RELEASE_PACKAGING","SKL-010","TOL-001|TOL-002|TOL-003","moderate","A1","I1","provider-neutral; fixture-and-adapter-required","DECLARED","registry/skills/SKL-010-lineage-provenance-tracking.yaml","Preserve the existing SkillSpec and connect it to Capability IDs."
"skill","SKL-011","Sensitive Data Detection & Redaction","03_SKILL_AND_INTEGRATION_CATALOG.md","/Agent Roles & Skills Catalog/03_SKILL_AND_INTEGRATION_CATALOG.md","ec9c27def9db646e2e2bad2bd6a0c3c67b93a891cc0648d86af0d0112ae4258b","KEEP","REGISTERED","skill_definition","DIV-10","creation","cross-domain","AGENT_DESIGN|RELEASE_PACKAGING","SKL-011","TOL-001|TOL-002|TOL-003","moderate","A1","I1","provider-neutral; fixture-and-adapter-required","DECLARED","registry/skills/SKL-011-sensitive-data-redaction.yaml","Preserve the existing SkillSpec and connect it to Capability IDs."
"skill","SKL-012","Risk Classification & Escalation","03_SKILL_AND_INTEGRATION_CATALOG.md","/Agent Roles & Skills Catalog/03_SKILL_AND_INTEGRATION_CATALOG.md","ec9c27def9db646e2e2bad2bd6a0c3c67b93a891cc0648d86af0d0112ae4258b","KEEP","REGISTERED","skill_definition","DIV-10","evaluation","cross-domain","AGENT_DESIGN|RELEASE_PACKAGING","SKL-012","TOL-001|TOL-002|TOL-003","moderate","A1","I1","provider-neutral; fixture-and-adapter-required","DECLARED","registry/skills/SKL-012-risk-classification-escalation.yaml","Preserve the existing SkillSpec and connect it to Capability IDs."
"skill","SKL-013","Requirements & Acceptance-Criteria Authoring","03_SKILL_AND_INTEGRATION_CATALOG.md","/Agent Roles & Skills Catalog/03_SKILL_AND_INTEGRATION_CATALOG.md","ec9c27def9db646e2e2bad2bd6a0c3c67b93a891cc0648d86af0d0112ae4258b","KEEP","REGISTERED","skill_definition","DIV-03","creation","cross-domain","SOFTWARE_BUILD|AGENT_DESIGN","SKL-013","TOL-001|TOL-002","moderate","A1","I1","provider-neutral; fixture-and-adapter-required","DECLARED","registry/skills/SKL-013-requirements-acceptance-criteria.yaml","Preserve the existing SkillSpec and connect it to Capability IDs."
"skill","SKL-014","Process Mapping & SOP Authoring","03_SKILL_AND_INTEGRATION_CATALOG.md","/Agent Roles & Skills Catalog/03_SKILL_AND_INTEGRATION_CATALOG.md","ec9c27def9db646e2e2bad2bd6a0c3c67b93a891cc0648d86af0d0112ae4258b","MISSING","SOURCE_ONLY","skill_definition","DIV-03","creation","cross-domain","SOFTWARE_BUILD|AGENT_DESIGN","SKL-014","TOL-001|TOL-002","moderate","A1","I1","provider-neutral; fixture-and-adapter-required","DECLARED","","Source specification exists but has not been promoted; add only with fixtures, limits, and acceptance evidence."
"skill","SKL-015","Option & Trade-off Analysis","03_SKILL_AND_INTEGRATION_CATALOG.md","/Agent Roles & Skills Catalog/03_SKILL_AND_INTEGRATION_CATALOG.md","ec9c27def9db646e2e2bad2bd6a0c3c67b93a891cc0648d86af0d0112ae4258b","KEEP","REGISTERED","skill_definition","DIV-03","creation","cross-domain","SOFTWARE_BUILD|AGENT_DESIGN","SKL-015","TOL-001|TOL-002","moderate","A1","I1","provider-neutral; fixture-and-adapter-required","DECLARED","registry/skills/SKL-015-option-trade-off-analysis.yaml","Preserve the existing SkillSpec and connect it to Capability IDs."
"skill","SKL-016","Qualitative Research Coding","03_SKILL_AND_INTEGRATION_CATALOG.md","/Agent Roles & Skills Catalog/03_SKILL_AND_INTEGRATION_CATALOG.md","ec9c27def9db646e2e2bad2bd6a0c3c67b93a891cc0648d86af0d0112ae4258b","MISSING","SOURCE_ONLY","skill_definition","DIV-05","knowledge","cross-domain","MARKET_RESEARCH","SKL-016","TOL-002","moderate","A1","I1","provider-neutral; fixture-and-adapter-required","DECLARED","","Source specification exists but has not been promoted; add only with fixtures, limits, and acceptance evidence."
"skill","SKL-017","Quantitative Analysis & Visualization","03_SKILL_AND_INTEGRATION_CATALOG.md","/Agent Roles & Skills Catalog/03_SKILL_AND_INTEGRATION_CATALOG.md","ec9c27def9db646e2e2bad2bd6a0c3c67b93a891cc0648d86af0d0112ae4258b","MISSING","SOURCE_ONLY","skill_definition","DIV-05","creation","cross-domain","DATA_ANALYSIS","SKL-017","TOL-002|TOL-003","moderate","A1","I1","provider-neutral; fixture-and-adapter-required","DECLARED","","Source specification exists but has not been promoted; add only with fixtures, limits, and acceptance evidence."
"skill","SKL-018","Forecasting & Scenario Modeling","03_SKILL_AND_INTEGRATION_CATALOG.md","/Agent Roles & Skills Catalog/03_SKILL_AND_INTEGRATION_CATALOG.md","ec9c27def9db646e2e2bad2bd6a0c3c67b93a891cc0648d86af0d0112ae4258b","MISSING","SOURCE_ONLY","skill_definition","DIV-05","analysis","cross-domain","DATA_ANALYSIS","SKL-018","TOL-002|TOL-003","moderate","A1","I1","provider-neutral; fixture-and-adapter-required","DECLARED","","Source specification exists but has not been promoted; add only with fixtures, limits, and acceptance evidence."
"skill","SKL-019","Experiment Design & Interpretation","03_SKILL_AND_INTEGRATION_CATALOG.md","/Agent Roles & Skills Catalog/03_SKILL_AND_INTEGRATION_CATALOG.md","ec9c27def9db646e2e2bad2bd6a0c3c67b93a891cc0648d86af0d0112ae4258b","MISSING","SOURCE_ONLY","skill_definition","DIV-05","creation","cross-domain","DATA_ANALYSIS","SKL-019","TOL-002|TOL-003","moderate","A1","I1","provider-neutral; fixture-and-adapter-required","DECLARED","","Source specification exists but has not been promoted; add only with fixtures, limits, and acceptance evidence."
"skill","SKL-020","Natural-Language Drafting & Adaptation","03_SKILL_AND_INTEGRATION_CATALOG.md","/Agent Roles & Skills Catalog/03_SKILL_AND_INTEGRATION_CATALOG.md","ec9c27def9db646e2e2bad2bd6a0c3c67b93a891cc0648d86af0d0112ae4258b","MISSING","SOURCE_ONLY","skill_definition","DIV-06","creation","cross-domain","MEDIA_GENERATION","SKL-020","TOL-002|TOL-003","moderate","A1","I1","provider-neutral; fixture-and-adapter-required","DECLARED","","Source specification exists but has not been promoted; add only with fixtures, limits, and acceptance evidence."
"skill","SKL-021","Tone, Brand & Canon Conformance","03_SKILL_AND_INTEGRATION_CATALOG.md","/Agent Roles & Skills Catalog/03_SKILL_AND_INTEGRATION_CATALOG.md","ec9c27def9db646e2e2bad2bd6a0c3c67b93a891cc0648d86af0d0112ae4258b","MISSING","SOURCE_ONLY","skill_definition","DIV-06","creation","cross-domain","MEDIA_GENERATION","SKL-021","TOL-002|TOL-003","moderate","A1","I1","provider-neutral; fixture-and-adapter-required","DECLARED","","Source specification exists but has not been promoted; add only with fixtures, limits, and acceptance evidence."
"skill","SKL-022","Originality & Similarity Risk Review","03_SKILL_AND_INTEGRATION_CATALOG.md","/Agent Roles & Skills Catalog/03_SKILL_AND_INTEGRATION_CATALOG.md","ec9c27def9db646e2e2bad2bd6a0c3c67b93a891cc0648d86af0d0112ae4258b","MISSING","SOURCE_ONLY","skill_definition","DIV-06","evaluation","cross-domain","MEDIA_GENERATION","SKL-022","TOL-002|TOL-003","moderate","A1","I1","provider-neutral; fixture-and-adapter-required","DECLARED","","Source specification exists but has not been promoted; add only with fixtures, limits, and acceptance evidence."
"skill","SKL-023","Accessibility & Plain-Language Review","03_SKILL_AND_INTEGRATION_CATALOG.md","/Agent Roles & Skills Catalog/03_SKILL_AND_INTEGRATION_CATALOG.md","ec9c27def9db646e2e2bad2bd6a0c3c67b93a891cc0648d86af0d0112ae4258b","MISSING","SOURCE_ONLY","skill_definition","DIV-06","evaluation","cross-domain","MEDIA_GENERATION","SKL-023","TOL-002|TOL-003","moderate","A1","I1","provider-neutral; fixture-and-adapter-required","DECLARED","","Source specification exists but has not been promoted; add only with fixtures, limits, and acceptance evidence."
"skill","SKL-024","Design & Visual Continuity Review","03_SKILL_AND_INTEGRATION_CATALOG.md","/Agent Roles & Skills Catalog/03_SKILL_AND_INTEGRATION_CATALOG.md","ec9c27def9db646e2e2bad2bd6a0c3c67b93a891cc0648d86af0d0112ae4258b","MISSING","SOURCE_ONLY","skill_definition","DIV-06","evaluation","cross-domain","MEDIA_GENERATION","SKL-024","TOL-002|TOL-003","moderate","A1","I1","provider-neutral; fixture-and-adapter-required","DECLARED","","Source specification exists but has not been promoted; add only with fixtures, limits, and acceptance evidence."
"skill","SKL-025","Audio Continuity & Technical QA","03_SKILL_AND_INTEGRATION_CATALOG.md","/Agent Roles & Skills Catalog/03_SKILL_AND_INTEGRATION_CATALOG.md","ec9c27def9db646e2e2bad2bd6a0c3c67b93a891cc0648d86af0d0112ae4258b","MISSING","SOURCE_ONLY","skill_definition","DIV-06","evaluation","cross-domain","MEDIA_GENERATION","SKL-025","TOL-002|TOL-003","moderate","A1","I1","provider-neutral; fixture-and-adapter-required","DECLARED","","Source specification exists but has not been promoted; add only with fixtures, limits, and acceptance evidence."
"skill","SKL-026","Code Generation & Secure Implementation","03_SKILL_AND_INTEGRATION_CATALOG.md","/Agent Roles & Skills Catalog/03_SKILL_AND_INTEGRATION_CATALOG.md","ec9c27def9db646e2e2bad2bd6a0c3c67b93a891cc0648d86af0d0112ae4258b","MISSING","SOURCE_ONLY","skill_definition","DIV-03","creation","cross-domain","SOFTWARE_BUILD","SKL-026","TOL-001|TOL-002","moderate","A1","I1","provider-neutral; fixture-and-adapter-required","DECLARED","","Source specification exists but has not been promoted; add only with fixtures, limits, and acceptance evidence."
"skill","SKL-027","Code Review & Static-Analysis Interpretation","03_SKILL_AND_INTEGRATION_CATALOG.md","/Agent Roles & Skills Catalog/03_SKILL_AND_INTEGRATION_CATALOG.md","ec9c27def9db646e2e2bad2bd6a0c3c67b93a891cc0648d86af0d0112ae4258b","KEEP","REGISTERED","skill_definition","DIV-10","evaluation","cross-domain","REPOSITORY_REVIEW","SKL-027","TOL-001","moderate","A1","I1","provider-neutral; fixture-and-adapter-required","DECLARED","registry/skills/SKL-027-code-review-static-analysis.yaml","Preserve the existing SkillSpec and connect it to Capability IDs."
"skill","SKL-028","Test Design & Defect Reproduction","03_SKILL_AND_INTEGRATION_CATALOG.md","/Agent Roles & Skills Catalog/03_SKILL_AND_INTEGRATION_CATALOG.md","ec9c27def9db646e2e2bad2bd6a0c3c67b93a891cc0648d86af0d0112ae4258b","KEEP","REGISTERED","skill_definition","DIV-10","creation","cross-domain","REPOSITORY_REVIEW|DEPLOYMENT_VERIFICATION","SKL-028","TOL-001|TOL-002","moderate","A1","I1","provider-neutral; fixture-and-adapter-required","DECLARED","registry/skills/SKL-028-test-design-defect-reproduction.yaml","Preserve the existing SkillSpec and connect it to Capability IDs."
"skill","SKL-029","Incident Triage & Runbook Retrieval","03_SKILL_AND_INTEGRATION_CATALOG.md","/Agent Roles & Skills Catalog/03_SKILL_AND_INTEGRATION_CATALOG.md","ec9c27def9db646e2e2bad2bd6a0c3c67b93a891cc0648d86af0d0112ae4258b","MISSING","SOURCE_ONLY","skill_definition","DIV-10","analysis","cross-domain","REPOSITORY_REVIEW|DEPLOYMENT_VERIFICATION","SKL-029","TOL-001|TOL-002","moderate","A1","I1","provider-neutral; fixture-and-adapter-required","DECLARED","","Source specification exists but has not been promoted; add only with fixtures, limits, and acceptance evidence."
"skill","SKL-030","Threat Modeling & Security Finding Triage","03_SKILL_AND_INTEGRATION_CATALOG.md","/Agent Roles & Skills Catalog/03_SKILL_AND_INTEGRATION_CATALOG.md","ec9c27def9db646e2e2bad2bd6a0c3c67b93a891cc0648d86af0d0112ae4258b","KEEP","REGISTERED","skill_definition","DIV-10","evaluation","cross-domain","REPOSITORY_REVIEW|DEPLOYMENT_VERIFICATION","SKL-030","TOL-001|TOL-002","high","A1","I1","provider-neutral; fixture-and-adapter-required","DECLARED","registry/skills/SKL-030-threat-modeling-security-triage.yaml","Preserve the existing SkillSpec and connect it to Capability IDs."
"skill","SKL-031","Data Quality Profiling & Drift Detection","03_SKILL_AND_INTEGRATION_CATALOG.md","/Agent Roles & Skills Catalog/03_SKILL_AND_INTEGRATION_CATALOG.md","ec9c27def9db646e2e2bad2bd6a0c3c67b93a891cc0648d86af0d0112ae4258b","MISSING","SOURCE_ONLY","skill_definition","DIV-05","evaluation","cross-domain","DATA_ANALYSIS|DEPLOYMENT_VERIFICATION","SKL-031","TOL-002|TOL-003|TOL-001","moderate","A1","I1","provider-neutral; fixture-and-adapter-required","DECLARED","","Source specification exists but has not been promoted; add only with fixtures, limits, and acceptance evidence."
"skill","SKL-032","Model Evaluation & Red-Teaming","03_SKILL_AND_INTEGRATION_CATALOG.md","/Agent Roles & Skills Catalog/03_SKILL_AND_INTEGRATION_CATALOG.md","ec9c27def9db646e2e2bad2bd6a0c3c67b93a891cc0648d86af0d0112ae4258b","MISSING","SOURCE_ONLY","skill_definition","DIV-10","creation","cross-domain","DATA_ANALYSIS|DEPLOYMENT_VERIFICATION","SKL-032","TOL-002|TOL-003|TOL-001","moderate","A1","I1","provider-neutral; fixture-and-adapter-required","DECLARED","","Source specification exists but has not been promoted; add only with fixtures, limits, and acceptance evidence."
"skill","SKL-033","Contract & Obligation Extraction","03_SKILL_AND_INTEGRATION_CATALOG.md","/Agent Roles & Skills Catalog/03_SKILL_AND_INTEGRATION_CATALOG.md","ec9c27def9db646e2e2bad2bd6a0c3c67b93a891cc0648d86af0d0112ae4258b","MISSING","SOURCE_ONLY","skill_definition","DIV-07","creation","cross-domain","CONTRACT_ANALYSIS","SKL-033","TOL-002","high","A1","I1","provider-neutral; fixture-and-adapter-required","DECLARED","","Source specification exists but has not been promoted; add only with fixtures, limits, and acceptance evidence."
"skill","SKL-034","Reconciliation & Variance Analysis","03_SKILL_AND_INTEGRATION_CATALOG.md","/Agent Roles & Skills Catalog/03_SKILL_AND_INTEGRATION_CATALOG.md","ec9c27def9db646e2e2bad2bd6a0c3c67b93a891cc0648d86af0d0112ae4258b","MISSING","SOURCE_ONLY","skill_definition","DIV-05","creation","cross-domain","FINANCIAL_ANALYSIS","SKL-034","TOL-002|TOL-003","moderate","A1","I1","provider-neutral; fixture-and-adapter-required","DECLARED","","Source specification exists but has not been promoted; add only with fixtures, limits, and acceptance evidence."
"skill","SKL-035","Risk Register & Control Monitoring","03_SKILL_AND_INTEGRATION_CATALOG.md","/Agent Roles & Skills Catalog/03_SKILL_AND_INTEGRATION_CATALOG.md","ec9c27def9db646e2e2bad2bd6a0c3c67b93a891cc0648d86af0d0112ae4258b","MISSING","SOURCE_ONLY","skill_definition","DIV-10","control","cross-domain","FINANCIAL_ANALYSIS|CONTRACT_ANALYSIS","SKL-035","TOL-002|TOL-003","moderate","A1","I1","provider-neutral; fixture-and-adapter-required","DECLARED","","Source specification exists but has not been promoted; add only with fixtures, limits, and acceptance evidence."
"skill","SKL-036","Customer/Case Triage & Response Drafting","03_SKILL_AND_INTEGRATION_CATALOG.md","/Agent Roles & Skills Catalog/03_SKILL_AND_INTEGRATION_CATALOG.md","ec9c27def9db646e2e2bad2bd6a0c3c67b93a891cc0648d86af0d0112ae4258b","MISSING","SOURCE_ONLY","skill_definition","DIV-08","analysis","cross-domain","CLIENT_CONVERSION","SKL-036","TOL-002","moderate","A1","I1","provider-neutral; fixture-and-adapter-required","DECLARED","","Source specification exists but has not been promoted; add only with fixtures, limits, and acceptance evidence."
"skill","SKL-037","Campaign & Content Planning","03_SKILL_AND_INTEGRATION_CATALOG.md","/Agent Roles & Skills Catalog/03_SKILL_AND_INTEGRATION_CATALOG.md","ec9c27def9db646e2e2bad2bd6a0c3c67b93a891cc0648d86af0d0112ae4258b","MISSING","SOURCE_ONLY","skill_definition","DIV-08","creation","cross-domain","OPPORTUNITY_DISCOVERY|CLIENT_CONVERSION","SKL-037","TOL-002","moderate","A1","I1","provider-neutral; fixture-and-adapter-required","DECLARED","","Source specification exists but has not been promoted; add only with fixtures, limits, and acceptance evidence."
"skill","SKL-038","Community Safety & Reputation Escalation","03_SKILL_AND_INTEGRATION_CATALOG.md","/Agent Roles & Skills Catalog/03_SKILL_AND_INTEGRATION_CATALOG.md","ec9c27def9db646e2e2bad2bd6a0c3c67b93a891cc0648d86af0d0112ae4258b","MISSING","SOURCE_ONLY","skill_definition","DIV-08","creation","cross-domain","OPPORTUNITY_DISCOVERY|CLIENT_CONVERSION","SKL-038","TOL-002","moderate","A1","I1","provider-neutral; fixture-and-adapter-required","DECLARED","","Source specification exists but has not been promoted; add only with fixtures, limits, and acceptance evidence."
"skill","SKL-039","Rights, License & Usage-Restriction Mapping","03_SKILL_AND_INTEGRATION_CATALOG.md","/Agent Roles & Skills Catalog/03_SKILL_AND_INTEGRATION_CATALOG.md","ec9c27def9db646e2e2bad2bd6a0c3c67b93a891cc0648d86af0d0112ae4258b","MISSING","SOURCE_ONLY","skill_definition","DIV-07","creation","cross-domain","CONTRACT_ANALYSIS|RELEASE_PACKAGING","SKL-039","TOL-002|TOL-001|TOL-003","high","A1","I1","provider-neutral; fixture-and-adapter-required","DECLARED","","Source specification exists but has not been promoted; add only with fixtures, limits, and acceptance evidence."
"skill","SKL-040","Release/Delivery Package Validation","03_SKILL_AND_INTEGRATION_CATALOG.md","/Agent Roles & Skills Catalog/03_SKILL_AND_INTEGRATION_CATALOG.md","ec9c27def9db646e2e2bad2bd6a0c3c67b93a891cc0648d86af0d0112ae4258b","MISSING","SOURCE_ONLY","skill_definition","DIV-07","delivery_operations","cross-domain","RELEASE_PACKAGING|DEPLOYMENT_VERIFICATION","SKL-040","TOL-001|TOL-003|TOL-002","moderate","A1","I1","provider-neutral; fixture-and-adapter-required","DECLARED","","Source specification exists but has not been promoted; add only with fixtures, limits, and acceptance evidence."
"skill","SKL-041","Scheduling, Capacity & Route Optimization","03_SKILL_AND_INTEGRATION_CATALOG.md","/Agent Roles & Skills Catalog/03_SKILL_AND_INTEGRATION_CATALOG.md","ec9c27def9db646e2e2bad2bd6a0c3c67b93a891cc0648d86af0d0112ae4258b","MISSING","SOURCE_ONLY","skill_definition","DIV-05","creation","cross-domain","DATA_ANALYSIS","SKL-041","TOL-002|TOL-003","moderate","A1","I1","provider-neutral; fixture-and-adapter-required","DECLARED","","Source specification exists but has not been promoted; add only with fixtures, limits, and acceptance evidence."
"skill","SKL-042","Quality Incident & CAPA Support","03_SKILL_AND_INTEGRATION_CATALOG.md","/Agent Roles & Skills Catalog/03_SKILL_AND_INTEGRATION_CATALOG.md","ec9c27def9db646e2e2bad2bd6a0c3c67b93a891cc0648d86af0d0112ae4258b","MISSING","SOURCE_ONLY","skill_definition","DIV-10","evaluation","cross-domain","DEPLOYMENT_VERIFICATION","SKL-042","TOL-001|TOL-002","moderate","A1","I1","provider-neutral; fixture-and-adapter-required","DECLARED","","Source specification exists but has not been promoted; add only with fixtures, limits, and acceptance evidence."
"skill","SKL-043","Localization & Cultural Adaptation","03_SKILL_AND_INTEGRATION_CATALOG.md","/Agent Roles & Skills Catalog/03_SKILL_AND_INTEGRATION_CATALOG.md","ec9c27def9db646e2e2bad2bd6a0c3c67b93a891cc0648d86af0d0112ae4258b","MISSING","SOURCE_ONLY","skill_definition","DIV-07","creation","cross-domain","RELEASE_PACKAGING","SKL-043","TOL-001|TOL-003","moderate","A1","I1","provider-neutral; fixture-and-adapter-required","DECLARED","","Source specification exists but has not been promoted; add only with fixtures, limits, and acceptance evidence."
"skill","SKL-044","Meeting, Decision & Action Capture","03_SKILL_AND_INTEGRATION_CATALOG.md","/Agent Roles & Skills Catalog/03_SKILL_AND_INTEGRATION_CATALOG.md","ec9c27def9db646e2e2bad2bd6a0c3c67b93a891cc0648d86af0d0112ae4258b","KEEP","REGISTERED","skill_definition","DIV-01","creation","cross-domain","AGENT_DESIGN","SKL-044","TOL-001|TOL-002","moderate","A1","I1","provider-neutral; fixture-and-adapter-required","DECLARED","registry/skills/SKL-044-meeting-decision-action-capture.yaml","Preserve the existing SkillSpec and connect it to Capability IDs."
"skill","SKL-045","Evaluation Scorecard & Gate Execution","03_SKILL_AND_INTEGRATION_CATALOG.md","/Agent Roles & Skills Catalog/03_SKILL_AND_INTEGRATION_CATALOG.md","ec9c27def9db646e2e2bad2bd6a0c3c67b93a891cc0648d86af0d0112ae4258b","KEEP","REGISTERED","skill_definition","DIV-10","creation","cross-domain","REPOSITORY_REVIEW|DEPLOYMENT_VERIFICATION|RELEASE_PACKAGING","SKL-045","TOL-001|TOL-002|TOL-003","moderate","A1","I1","provider-neutral; fixture-and-adapter-required","DECLARED","registry/skills/SKL-045-evaluation-scorecard-gate-execution.yaml","Preserve the existing SkillSpec and connect it to Capability IDs."
"integration","INT-001","Knowledge repository","03_SKILL_AND_INTEGRATION_CATALOG.md","/Agent Roles & Skills Catalog/03_SKILL_AND_INTEGRATION_CATALOG.md","ec9c27def9db646e2e2bad2bd6a0c3c67b93a891cc0648d86af0d0112ae4258b","KEEP","REGISTERED","integration_definition","DIV-04","delivery_operations","cross-domain","MARKET_RESEARCH|OPPORTUNITY_DISCOVERY|AGENT_DESIGN","","","moderate","A1","I2","runtime-adapter-binding-required","DECLARED","registry/integrations/INT-001-knowledge-repository.yaml","Preserve the existing IntegrationSpec and enforce its permission ceiling."
"integration","INT-002","Document management & e-signature","03_SKILL_AND_INTEGRATION_CATALOG.md","/Agent Roles & Skills Catalog/03_SKILL_AND_INTEGRATION_CATALOG.md","ec9c27def9db646e2e2bad2bd6a0c3c67b93a891cc0648d86af0d0112ae4258b","MISSING","SOURCE_ONLY","integration_definition","DIV-04","delivery_operations","cross-domain","DATA_ANALYSIS","","","high","A1","I1","runtime-adapter-binding-required","DECLARED","","Source category exists but has no canonical IntegrationSpec; create only when a WorkOrder requires it."
"integration","INT-003","Project/workflow management","03_SKILL_AND_INTEGRATION_CATALOG.md","/Agent Roles & Skills Catalog/03_SKILL_AND_INTEGRATION_CATALOG.md","ec9c27def9db646e2e2bad2bd6a0c3c67b93a891cc0648d86af0d0112ae4258b","KEEP","REGISTERED","integration_definition","DIV-04","delivery_operations","cross-domain","AGENT_DESIGN|CLIENT_CONVERSION","","","moderate","A1","I2","runtime-adapter-binding-required","DECLARED","registry/integrations/INT-003-project-workflow-management.yaml","Preserve the existing IntegrationSpec and enforce its permission ceiling."
"integration","INT-004","Calendar & scheduling","03_SKILL_AND_INTEGRATION_CATALOG.md","/Agent Roles & Skills Catalog/03_SKILL_AND_INTEGRATION_CATALOG.md","ec9c27def9db646e2e2bad2bd6a0c3c67b93a891cc0648d86af0d0112ae4258b","MISSING","SOURCE_ONLY","integration_definition","DIV-04","delivery_operations","cross-domain","AGENT_DESIGN|CLIENT_CONVERSION","","","moderate","A1","I1","runtime-adapter-binding-required","DECLARED","","Source category exists but has no canonical IntegrationSpec; create only when a WorkOrder requires it."
"integration","INT-005","Asset management / object storage","03_SKILL_AND_INTEGRATION_CATALOG.md","/Agent Roles & Skills Catalog/03_SKILL_AND_INTEGRATION_CATALOG.md","ec9c27def9db646e2e2bad2bd6a0c3c67b93a891cc0648d86af0d0112ae4258b","KEEP","REGISTERED","integration_definition","DIV-07","delivery_operations","cross-domain","MEDIA_GENERATION|RELEASE_PACKAGING|DATA_ANALYSIS","","","moderate","A1","I2","runtime-adapter-binding-required","DECLARED","registry/integrations/INT-005-asset-object-storage.yaml","Preserve the existing IntegrationSpec and enforce its permission ceiling."
"integration","INT-006","DAM / media production suite","03_SKILL_AND_INTEGRATION_CATALOG.md","/Agent Roles & Skills Catalog/03_SKILL_AND_INTEGRATION_CATALOG.md","ec9c27def9db646e2e2bad2bd6a0c3c67b93a891cc0648d86af0d0112ae4258b","MISSING","SOURCE_ONLY","integration_definition","DIV-07","delivery_operations","cross-domain","MEDIA_GENERATION","","","moderate","A1","I1","runtime-adapter-binding-required","DECLARED","","Source category exists but has no canonical IntegrationSpec; create only when a WorkOrder requires it."
"integration","INT-007","Code repository & CI","03_SKILL_AND_INTEGRATION_CATALOG.md","/Agent Roles & Skills Catalog/03_SKILL_AND_INTEGRATION_CATALOG.md","ec9c27def9db646e2e2bad2bd6a0c3c67b93a891cc0648d86af0d0112ae4258b","KEEP","REGISTERED","integration_definition","DIV-04","delivery_operations","cross-domain","SOFTWARE_BUILD|REPOSITORY_REVIEW|DEPLOYMENT_VERIFICATION|MCP_INTEGRATION","","","moderate","A1","I2","runtime-adapter-binding-required","DECLARED","registry/integrations/INT-007-code-repository-ci.yaml","Preserve the existing IntegrationSpec and enforce its permission ceiling."
"integration","INT-008","Cloud/infrastructure & observability","03_SKILL_AND_INTEGRATION_CATALOG.md","/Agent Roles & Skills Catalog/03_SKILL_AND_INTEGRATION_CATALOG.md","ec9c27def9db646e2e2bad2bd6a0c3c67b93a891cc0648d86af0d0112ae4258b","MISSING","SOURCE_ONLY","integration_definition","DIV-04","delivery_operations","cross-domain","DEPLOYMENT_VERIFICATION","","","moderate","A1","I1","runtime-adapter-binding-required","DECLARED","","Source category exists but has no canonical IntegrationSpec; create only when a WorkOrder requires it."
"integration","INT-009","Data warehouse / BI","03_SKILL_AND_INTEGRATION_CATALOG.md","/Agent Roles & Skills Catalog/03_SKILL_AND_INTEGRATION_CATALOG.md","ec9c27def9db646e2e2bad2bd6a0c3c67b93a891cc0648d86af0d0112ae4258b","MISSING","SOURCE_ONLY","integration_definition","DIV-05","delivery_operations","cross-domain","DATA_ANALYSIS|FINANCIAL_ANALYSIS","","","moderate","A1","I1","runtime-adapter-binding-required","DECLARED","","Source category exists but has no canonical IntegrationSpec; create only when a WorkOrder requires it."
"integration","INT-010","CRM / customer platform","03_SKILL_AND_INTEGRATION_CATALOG.md","/Agent Roles & Skills Catalog/03_SKILL_AND_INTEGRATION_CATALOG.md","ec9c27def9db646e2e2bad2bd6a0c3c67b93a891cc0648d86af0d0112ae4258b","MISSING","SOURCE_ONLY","integration_definition","DIV-08","delivery_operations","cross-domain","OPPORTUNITY_DISCOVERY|CLIENT_CONVERSION","","","moderate","A1","I1","runtime-adapter-binding-required","DECLARED","","Source category exists but has no canonical IntegrationSpec; create only when a WorkOrder requires it."
"integration","INT-011","Support/case-management system","03_SKILL_AND_INTEGRATION_CATALOG.md","/Agent Roles & Skills Catalog/03_SKILL_AND_INTEGRATION_CATALOG.md","ec9c27def9db646e2e2bad2bd6a0c3c67b93a891cc0648d86af0d0112ae4258b","MISSING","SOURCE_ONLY","integration_definition","DIV-08","delivery_operations","cross-domain","OPPORTUNITY_DISCOVERY|CLIENT_CONVERSION","","","moderate","A1","I1","runtime-adapter-binding-required","DECLARED","","Source category exists but has no canonical IntegrationSpec; create only when a WorkOrder requires it."
"integration","INT-012","Marketing automation & CMS","03_SKILL_AND_INTEGRATION_CATALOG.md","/Agent Roles & Skills Catalog/03_SKILL_AND_INTEGRATION_CATALOG.md","ec9c27def9db646e2e2bad2bd6a0c3c67b93a891cc0648d86af0d0112ae4258b","MISSING","SOURCE_ONLY","integration_definition","DIV-07","delivery_operations","cross-domain","OPPORTUNITY_DISCOVERY|CLIENT_CONVERSION","","","moderate","A1","I1","runtime-adapter-binding-required","DECLARED","","Source category exists but has no canonical IntegrationSpec; create only when a WorkOrder requires it."
"integration","INT-013","Social/community platform","03_SKILL_AND_INTEGRATION_CATALOG.md","/Agent Roles & Skills Catalog/03_SKILL_AND_INTEGRATION_CATALOG.md","ec9c27def9db646e2e2bad2bd6a0c3c67b93a891cc0648d86af0d0112ae4258b","MISSING","SOURCE_ONLY","integration_definition","DIV-07","delivery_operations","cross-domain","OPPORTUNITY_DISCOVERY|CLIENT_CONVERSION","","","moderate","A1","I1","runtime-adapter-binding-required","DECLARED","","Source category exists but has no canonical IntegrationSpec; create only when a WorkOrder requires it."
"integration","INT-014","ERP/accounting/billing","03_SKILL_AND_INTEGRATION_CATALOG.md","/Agent Roles & Skills Catalog/03_SKILL_AND_INTEGRATION_CATALOG.md","ec9c27def9db646e2e2bad2bd6a0c3c67b93a891cc0648d86af0d0112ae4258b","MISSING","SOURCE_ONLY","integration_definition","DIV-09","delivery_operations","cross-domain","FINANCIAL_ANALYSIS","","","high","A1","I1","runtime-adapter-binding-required","DECLARED","","Source category exists but has no canonical IntegrationSpec; create only when a WorkOrder requires it."
"integration","INT-015","Contract/CLM/rights system","03_SKILL_AND_INTEGRATION_CATALOG.md","/Agent Roles & Skills Catalog/03_SKILL_AND_INTEGRATION_CATALOG.md","ec9c27def9db646e2e2bad2bd6a0c3c67b93a891cc0648d86af0d0112ae4258b","MISSING","SOURCE_ONLY","integration_definition","DIV-07","delivery_operations","cross-domain","CONTRACT_ANALYSIS","","","high","A1","I1","runtime-adapter-binding-required","DECLARED","","Source category exists but has no canonical IntegrationSpec; create only when a WorkOrder requires it."
"integration","INT-016","Identity, IAM, and HRIS","03_SKILL_AND_INTEGRATION_CATALOG.md","/Agent Roles & Skills Catalog/03_SKILL_AND_INTEGRATION_CATALOG.md","ec9c27def9db646e2e2bad2bd6a0c3c67b93a891cc0648d86af0d0112ae4258b","MISSING","SOURCE_ONLY","integration_definition","DIV-09","delivery_operations","cross-domain","DATA_ANALYSIS","","","high","A1","I1","runtime-adapter-binding-required","DECLARED","","Source category exists but has no canonical IntegrationSpec; create only when a WorkOrder requires it."
"integration","INT-017","EHR, LIMS, public case-management","03_SKILL_AND_INTEGRATION_CATALOG.md","/Agent Roles & Skills Catalog/03_SKILL_AND_INTEGRATION_CATALOG.md","ec9c27def9db646e2e2bad2bd6a0c3c67b93a891cc0648d86af0d0112ae4258b","MISSING","SOURCE_ONLY","integration_definition","DIV-05","delivery_operations","cross-domain","DATA_ANALYSIS","","","high","A1","I1","runtime-adapter-binding-required","DECLARED","","Source category exists but has no canonical IntegrationSpec; create only when a WorkOrder requires it."
"integration","INT-018","Maps, GIS, field service, EAM/CMMS","03_SKILL_AND_INTEGRATION_CATALOG.md","/Agent Roles & Skills Catalog/03_SKILL_AND_INTEGRATION_CATALOG.md","ec9c27def9db646e2e2bad2bd6a0c3c67b93a891cc0648d86af0d0112ae4258b","MISSING","SOURCE_ONLY","integration_definition","DIV-05","delivery_operations","cross-domain","DATA_ANALYSIS","","","moderate","A1","I1","runtime-adapter-binding-required","DECLARED","","Source category exists but has no canonical IntegrationSpec; create only when a WorkOrder requires it."
"integration","INT-019","External research/search services","03_SKILL_AND_INTEGRATION_CATALOG.md","/Agent Roles & Skills Catalog/03_SKILL_AND_INTEGRATION_CATALOG.md","ec9c27def9db646e2e2bad2bd6a0c3c67b93a891cc0648d86af0d0112ae4258b","KEEP","REGISTERED","integration_definition","DIV-02","delivery_operations","cross-domain","MARKET_RESEARCH|OPPORTUNITY_DISCOVERY|AGENT_DESIGN","","","moderate","A1","I2","runtime-adapter-binding-required","DECLARED","registry/integrations/INT-019-external-research-search.yaml","Preserve the existing IntegrationSpec and enforce its permission ceiling."
"integration","INT-020","Communication platforms","03_SKILL_AND_INTEGRATION_CATALOG.md","/Agent Roles & Skills Catalog/03_SKILL_AND_INTEGRATION_CATALOG.md","ec9c27def9db646e2e2bad2bd6a0c3c67b93a891cc0648d86af0d0112ae4258b","MISSING","SOURCE_ONLY","integration_definition","DIV-04","delivery_operations","cross-domain","AGENT_DESIGN|CLIENT_CONVERSION","","","moderate","A1","I1","runtime-adapter-binding-required","DECLARED","","Source category exists but has no canonical IntegrationSpec; create only when a WorkOrder requires it."
"integration","INT-021","ClickUp Mission Control","BuildGraph registry","registry/integrations/INT-021-clickup-mission-control.yaml","","KEEP","REGISTERED","integration_definition","DIV-04","delivery_operations","governance-and-orchestration","AGENT_DESIGN|CLIENT_CONVERSION","","","moderate","A1","I2","adapter-specific","TESTED","registry/integrations/INT-021-clickup-mission-control.yaml","Canonical BuildGraph integration not present in the source catalog; retain as an additive implementation."
